,SMILES
0,COC1=CC(=CC(=C1O)OC)/C=C/CO
1,OC(=O)C1=NC2=CC=CC=C2C=C1
2,CCN(CC)C(C)C(C1=CC=CC=C1)O
3,C1=CC=C(C=C1)CC(CC(=O)O)N
4,CCC(C)C1C(=C(C(=O)N1)C(=O)C)O
5,C[C@@H]1CC(=O)C=C2CC[C@H](C[C@@]12C)C(C)=C
6,CNCCCC12CCC(C3=CC=CC=C31)C4=CC=CC=C24
7,COC1=CC=C(C=C1)C=CC(=O)OC
8,C[C@]12CCC(=O)C=C1CC[C@@H]3[C@@H]2[C@H](C[C@]4([C@H]3CC[C@@]4(C(=O)CO)O)C)O
9,CCC#CCC(C)C(C=CC1CCC(=O)N1CCCCCCC(=O)O)O
10,CCC(C(C(C1C)C2CC3)OC1=O)C1C2N3CCCC1
11,CCCCCCCCCCCCCCCC(=O)OC
12,CC(NCC(O)COC1=CC=C(CCO)C=C1)C
13,CC1=CC=C(C=C1)NC(C)(C)C(=O)O
14,CC/C=C\C/C=C\C/C=C\CC1C(O1)C/C=C\CCCC(=O)O
15,CCCCCCCCC=CCCCCCCCCCCCC(=O)O
16,C1CCN2CCCC(C2C1)CO
17,C1=C(NC=N1)CC(C(=O)NC(CCCCN)C(=O)O)NC(=O)CN
18,CC(C)OC(=O)CCCC=CCC1C(CC(C1C=CC(C2CC3=CC=CC=C3C2)O)F)O
19,CCNS(=O)(=O)C1=C(C)C=CC=C1
20,CC(C(=O)C1=CC2=C(C=C1)OCO2)NC
21,CCCCCCCCCCCCCCCC(=O)OC[C@H](COP(=O)([O-])OCC[N+](C)(C)C)O
22,C(CCC(=O)CCC(=O)O)CCC(=O)O
23,C[C@]12CC[C@H]3[C@@H](CCC4=CC(O)=CC=C34)[C@@H]1CCC2=O
24,CCc1ccc(-c2cc(-c3cc(OC)c(OC)c(OC)c3)nc(O)c2C#N)cc1
25,CCCCCCCC(C)OC(=O)C1=CC=CC=C1C(=O)OC(C)CCCCCCC
26,CC(CC(=O)O)CC(=O)OC(CC(=O)[O-])C[N+](C)(C)C
27,CC12CCC(=O)CC1CCC3C2C(=O)CC4(C3CCC4=O)C
28,CC(CCC(=O)O)C1CCC2C1(C(CC3C2C(=O)CC4C3(CCC(C4)O)C)O)C
29,CCOC(=O)CC(O)(CC(=O)OCC)C(=O)OCC
30,CC1=CC23C(=O)C(C=C(CO)C(O)C2(O)C1O)C1C(CC3C)C1(C)C
31,C[C@@H]1CCC(=O)[C@H](C)[C@@]1(C)CC\C(C)=C\CC2=C(O)C(C=O)=C(C)C(Cl)=C2O
32,CCCCCCCC/C=C\CCCCCCCC(=O)OC[C@H](COP(=O)([O-])OCC[N+](C)(C)C)O
33,COc1c(C)c2c(c(OC)c1OC)COC2=O
34,Cn1c(=O)c2nc(I)[nH]c2n(C)c1=O
35,COC(=O)C(CC1=CC=CC=C1)NC(=O)C(F)(F)F
36,C(CC(C(=O)O)N)CNC(=O)N
37,OCCN1C(=O)N(CCO)C(=O)N(CCO)C1=O
38,C[N+]1=CC=CC(=C1)C(=O)[O-]
39,CCCCCC=CCC=CCCCCCCCC(=O)NCC(=O)O
40,CCS(=O)(=O)OC1=CC2=C(C=C1)OCC2(C)C
41,O=C(NC(CC(C)C)C(O)=O)CCC=CCC=CCC=CCC=CCC=CCC=CCC
42,CCN(CC)C(C)C(=O)C1=CC=CC=C1
43,C1CC2=C(C=CC(=C2)F)OC1C(CNCC(C3CCC4=C(O3)C=CC(=C4)F)O)O
44,CCCCCCC=CCCCCCCCC(=O)NCCO
45,C(CCN)CC(C(=O)NC(CCC(=O)O)C(=O)O)N
46,CC(=O)C1CCC(=O)N1CC2=CC=CC=C2
47,O=C(N1CCCCC1)c2ccccc2
48,CC(C)C\1(O)CCC2\C(=C1)C(=O)CC3C2(C)CCCC3(C)C(O)=O
49,CCC=CCC=CCC=CCC=CCC=CCC=CCCC(=O)O
50,CSCCC(C(=O)NC(CC1=CN=CN1)C(=O)O)N
51,CCCCC/C=C\C=C\C(=O)CCCCCCCC(=O)O
52,CCCCN(CCCC)C1=CC=CC=C1
53,CCCCCCCCCCCCCCCC(=O)OC[C@H](COP(=O)(O)OCCN)O
54,COC1=CC(=C2C=CC(=O)OC2=C1)OC
55,CC1=CC(=O)NC2=C1C=CC(=C2)O
56,c1ccc(cc1)c2[nH]c3cc(ccc3n2)S(=O)(=O)O
57,C(CCC(F)(F)F)CC=CCC(C=CC=CC=CC(CCCC(=O)O)O)O
58,C1CC(NC1)C(C2=CC=CC=C2)C3=CC=CC=C3
59,CC1=CC=C(C=C1)N(CCO)CCO
60,CCNC(=O)NCCCCC=CCCCCCCCCCC(=O)O
61,CC#CC1=CC(=NC(=N1)NC2=CC=CC=C2)C
62,OC(CC1C2=C(OC)C=3OCOC3C=C2CCN1C)C(C)C
63,CCCCCC=CCC=CCCCCCCCC(=O)OC(CO)CO
64,N#Cc1cc2ccccc2oc1=O
65,CCCCCCCCCCCC(=O)NCCC[N+](C)(C)CC(O)=O
66,CN1CCCCC1C2=CN=CC=C2
67,COCCOCCOCCOCCO
68,O=C1OC=2C(OC)=C(OC)C(OC)=CC2C=C1
69,COC(=O)C(CCC(=O)N)NCC1=CC=CC=C1
70,CCC(=O)C1C(=O)CC(CC1=O)C(=O)O
71,C1=CC=C(C=C1)C(C2=CC=CC=C2)(C3=CC=CC=C3Cl)N4C=CN=C4
72,CC(=O)CCC1=CC(=C(C=C1)O)OC
73,CC(C)CC(C)(C#CC(C)(CC(C)C)O)O
74,C[C@H]([C@@H](C(=O)N[C@@H](C(C)C)C(=O)N[C@@H](CC(C)C)C(=O)O)N)O
75,CC(C)C(=O)OCC1CCC[N+]2(C)CCCCC12
76,C1=CC=NC(=C1)NCC2=CC=C(C=C2)CNC3=CC=CC=N3
77,CCCCC(CC)COC(=O)C=Cc1ccc(OC)cc1
78,COC(=O)C1C(O)CCC2CN3CCC4=C(NC5=CC=CC=C45)C3CC12
79,CC1=C(C=CC(=C1)Cl)S(=O)(=O)NCC2C3CCC(C2C=CCCCC(=O)O)CC3
80,CC(=CCC1C(O1)(C)C2C(C(CCC23CO3)OC(=O)C=CC=CC=CC=CC(=O)O)OC)C
81,COC1=CC=C(C=C1)C2=CC(=O)C3=C(OC)C(OC)=C(OC)C(OC)=C3O2
82,CCCCCC(C(=O)C1=CC=C(C=C1)OC)N2CCCC2
83,CCCCNCC(C1=CC=C(C=C1)O)O
84,CCNC1=NC(OC)=NC(NC(C)CC)=N1
85,CC(C)C1=C(C2=C(C=C1)C3(CCC4=C(C3CC2)COC4=O)C)O
86,CC(C)CC(C(=O)O)NC(=O)C(CCC(=O)O)N
87,CC=CC=CCCC=CC=CC(=O)NCC(C)C
88,CC1CC(=O)CC2C1(C3CCC4(C(C3CC2)CCC4O)C)C
89,C1=CC=C(C=C1)CC(C(=O)NC(CC2=CN=CN2)C(=O)O)N
90,C1CCNC(C1)C(C2=CC=CC=C2)C3=CC=CC=C3
91,C1=C(NC=N1)CC(C(=O)O)NC(=O)C(CC(=O)N)N
92,CC(O[C@@H]1O[C@H](CO)[C@@H](O)[C@H](O)[C@H]1O)\C=C\C2(O)\C(=C/C(=O)CC2(C)CO)C
93,CC[C@H](C[C@H](C[C@]12C(OC)=O)C3)[C@H]2N3CCc2c1[nH]c1c2cccc1
94,CCCCC(CC)COC(=O)C1=CC(=C(C=C1)C(=O)OCC(CC)CCCC)C(=O)OCC(CC)CCCC
95,CCCCCCCCCCCC(=O)OCC(COP(=O)([O-])OCC[N+](C)(C)C)O
96,C1CCC(C(C1)N2CCC(CC2)N)O
97,CN(CCCN1CCC2=CC(=C(C=C2CC1=O)OC)OC)CC3CC4=CC(=C(C=C34)OC)OC
98,COC(=O)C1(O)CC23CCCN4CCC5(C24)C2=CC=C4OCOC4=C2NC15CC3
99,CC12CCC3C(C1CCC2=O)CCC4C3(CC5=C(C4)NN=C5)C
100,C[Si]1(O[Si](O[Si](O1)(C)C)(C)C)C
101,CCC=CCC(C=CC=CCC=CCC=CCC=CCCC(=O)O)O
102,CC(C)CC(C(=O)O)NC(=O)C(C(C)C)NC(=O)C(C(C)O)N
103,N[C@@H](CC1=CC(I)=C(O)C(I)=C1)C(O)=O
104,C[N+]1(C2CCC1CC(C2)OC(=O)C(C3=CC=CC=C3)O)C
105,CC1CC2=C(C(=CC=C2)O)C(=O)O1
106,CCCCCC(=O)OC(CC(=O)[O-])C[N+](C)(C)C
107,CC(=O)O[C@@]1(CC[C@H]2[C@@H]3C=C(Cl)C4=CC(=O)[C@@H]5C[C@@H]5[C@]4(C)[C@H]3CC[C@]12C)C(C)=O
108,C1CCC(CC1)NC(=O)NCCCCCCCCCCCC(=O)O
109,C1=CC=C(C=C1)CC(C(=O)NC(CC2=CC=C(C=C2)O)C(=O)O)N
110,CCN(CC)C(=O)c(c1)cccc1
111,CC12CCC3C4CCC(CC4CCC3C1CCC2=O)O
112,CCC=C(C)C(C#C)OC(=O)C1C(C1(C)C)C=C(C)C
113,CC12CCC(=O)CC1CCC3C2CCC4(C3CCC4O)C
114,C1CN2C(=NC3=CC=CC=C3C2=O)C1O
115,C1CCC(CC1)NC(=O)NC2CCCCC2
116,CCCCC(C(=O)C1=CC=CC=C1)NC
117,CCCCCC(=O)CCC1C(CC(=O)C1CCC(=O)O)O
118,COC1=C(OC)C=C2C(C)=NCCC2=C1
119,CCNC(C)C(=O)C1=CC=CC=C1
120,CCCCCN1C=C(C2=CC=CC=C21)C(=O)OC
121,COc1cc2c3cc1Oc1c(OC)c(OC)cc4c1C(Cc1ccc(O)c(c1)Oc1ccc(cc1)CC3N(C)CC2)N(C)CC4
122,CC(CC(C1C(O1)(C)C)OC(=O)C)C2=C3CC(C4C5(CCC(=O)C(C5CCC4(C3(CC2)C)C)(C)C)C)O
123,CCCCCC1=CC2=C(C=CC(O2)(C)CCC=C(C)C)C(=C1)O
124,CCC(=O)OC(CC(=O)[O-])C[N+](C)(C)C
125,CC(C)(CO)C#CC=CCN(C)CC1=CC=CC2=CC=CC=C21
126,CCC1(C(=O)NC(=O)NC1=O)C2=CC=CC=C2
127,Oc(c4)cc(C3)c(c4)C(C2)C(C3)C(C1)C(C)(C2)C(O)C(O)1
128,C[N+]12CCCCC1C(CN1C(=O)c3ccccc3C1=O)CCC2
129,CC1=CC(=NC(=N1)NC2=CC=CC=C2)C3CC3
130,CC1=CC(=C(C=C1)O)C(=O)C=CC2=CC=C(C=C2)OC
131,C1CCC2(C3CC4=C(C2(C1)CCN3CC5CCC5)C=C(C=C4)O)O
132,CCCC1=NC(=C(N1CC2=CC=C(C=C2)C3=CC=CC=C3C4=NNN=N4)C(=O)OCC5=C(OC(=O)O5)C)C(C)(C)O
133,COC1=C(C=C2C(=C1)CC(C2=O)CC3CCN(CC3)CC4=CC=CC=C4)OC.Cl
134,C1C(C(C(C1O)C=CC(COC2=CC=CC(=C2)C(F)(F)F)O)CC=CCCCC(=O)NC(CO)CO)O
135,C#CCCCCCCCCC(=O)O
136,c(ccc1N(N(C=2C)C)C(=O)C2N)cc1
137,CC1=CCC(CC1)C2(CCC(C(O2)(C)C)O)C
138,CCCN1CC(CC2C1CC3=CNC4=CC=CC2=C34)CS(=O)(=O)C
139,CCC=CCC1=C(CCC1=O)C
140,CC1=NC=C(C(=C1O)COC)CO
141,CCCCCC=CC=C1C(C=CC1=O)CC=CCCCC(=O)O
142,CC12CCC3C(C1CCC2O)CCC4C3(C=CC(=O)C4)C
143,COC1=C(C=C(C=C1)CC(=O)O)OC
144,CCN(CC)C(=O)C(=C(C)OP(=O)(OC)OC)Cl
145,CN(C)CCOC(C1=CC=CC=C1)C2=CC=CC=C2
146,CCCCCC(C)(C=CC1C(C(CC1=O)O)CC=CCCCC(=O)O)O
147,CC(C)CCCCCCC(=O)NCC1=CC(=C(C=C1I)O)OC
148,CCCCCC(C=CC1C(CC(=O)C1CC=CCCCC(=O)NCCO)O)O
149,CCCCCC(C=CC1C(CC(=O)C1CC=CCCCC(=O)O)O)O
150,CC1=C2CC3C(=C)CCCC3(CC2(OC1=O)O)C
151,C1CC[C@@](CC1)(C(=O)O)CC(=O)O
152,CC(C)C[C@@H](C(=O)N[C@@H](C(C)C)C(=O)O)N
153,CC(=O)NC1C(C(C(OC1O)CO)O)O
154,CC1(C2CCC1(C(=O)C2=O)C)C
155,CC1=CC(C(CC1)C(=C)C)C2=C(C=C(C=C2OC)C)OC
156,CCCOC(=O)C(N)CC(C)C
157,CCCCCC=CCC(C=CC=CCCC(=O)O)O
158,CCCCCCCCCCC/C=C\CC[C@@H]1N[C@@H](C)CCC1
159,CC12CCC3C(C1CC(C2O)O)CCC4=C3C=CC(=C4)O
160,C[C@@](CCC1)(C(CC[C@H]2C3)[C@@]3(CC3)C=C2C=O)C3[C@@]1(C)C(O)=O
161,CC1(OC2CC3C4CCC5=CC(=O)CCC5(C4(C(CC3(C2(O1)C(=O)CCl)C)O)F)C)C
162,CC12CCC(=O)C=C1CCC1C2CCC2(C)C1CCC21OCOC12COCO2
163,CCCCCCCCCCCCN(CCO)CCO
164,CCCCCC=CC=CC(=O)CCCCCCCC(=O)O
165,C1=CC=C(N=C1)C1=CC=CC=N1
166,CN1C=NC2=C1C(=O)N(C)C(=O)N2
167,C1=CC=C2C(=C1)N=CC(=N2)CC(C(CO)O)O
168,CC1CC(C(C(C=C(C(C(C=CC=C(C(=O)NC2=CC(=O)C(=C(C1)C2=O)OC)C)OC)OC(=O)N)C)C)O)OC
169,COC(=O)CCCCCCCC(=O)OC
170,CC1=CC2=C(C=C1C)N=C3C(=N2)C(=O)NC(=O)N3
171,CC\C=C/CCO[C@@H]1O[C@H](CO)[C@@H](O)[C@H](O)[C@H]1O
172,CC1(O)CCCC2(C)CCC(CC12)C(=C)C(O)=O
173,CC(C)NCC(COC1=CC=C(C=C1)CC(=O)O)O
174,CC(C(C(=O)NC(CCC(=O)N)C(=O)O)N)O
175,CN(C)C1=CC=C(C=C1)C(=C2C=CC(=[N+](C)C)C=C2)C3=CC=C(C=C3)N(C)C
176,CCOC(=O)C1=CC=C(C=C1)N(C)C
177,C1CN(CCC1N)CC2=CC=CO2
178,CC(=O)CC(=O)CCC(=O)O
179,CCCCCCCCC1C(C(=C)C(=O)O1)C(=O)O
180,CC1CCC(C2=C(CC(C12)O)C)C=C(C)C(=O)O
181,CC(=O)NCCC1=CC=CC=C1
182,CC=CC(=O)C1=C(CCCC1(C)C)C
183,CC(C)(C)C1=CC=C(C=C1)C(=O)CC(=O)C2=CC=C(C=C2)OC
184,COc1cc(O)c(C(C)=O)c(OC)c1
185,CC/1=C2\C=C(CO)/C(CO)CCC2(C)CCC1=O
186,CC12CCCC(=C)C1CC3C(C2)OC(=O)C3=C
187,CCCCC1C(=O)N(N(C1=O)C2=CC=CC=C2)C3=CC=CC=C3
188,CC(=CCCC(=CCCC(=CCCC(=CCSCC(C(=O)O)NC(=O)C)C)C)C)C
189,C\C=C\C=C\C=C\C(=O)N(C)C(C(C)C)C(=O)NC(C)C(=O)N1CCCC1C(N)=O
190,CC(=O)OCC1(CC23CCC4C5=C(C=CC4(C2CCC1C3)C)OC=C5)O
191,CC(C)(C)OC(=O)NC(CC1=C[NH+]=CN1)C(=O)[O-]
192,CC(=CC(=O)O)C=CC=C(C)C1C=C2C(CCCC2(O1)C)(C)C
193,CC(=O)OC1=C(C=C(C=C1)CC=C)OC
194,CCCCCC=CCC=CCC=CCC=CCCC(C)C(=O)NCCF
195,C=CCOC(CN1C=CN=C1)C2=C(C=C(C=C2)Cl)Cl
196,COc1ccn(C)c(=O)c1C#N
197,CC1=CCCC2(C(O2)C3C(CC1)C(=C)C(=O)O3)C
198,C(CCN)CC(C(=O)NC(CC(=O)N)C(=O)O)N
199,CC12CCC3C(C1CC(C2=O)O)CCC4=C3C=CC(=C4)OCC5=CC=CC=C5
200,COC(=O)CCCCCCC(=O)OC
201,CC12CCC(=O)C=C1CC(C3C2CCC4(C3CCC45CCC(=O)O5)C)S
202,CCCCC(CCC(=O)O)NC(=O)CCCCCCC1=CC=CC=C1
203,CCCCCCCCCCCCCCCCCCCCCC(=O)N
204,CCC(C(=O)C1=CC(=CC=C1)C)N2CCCC2
205,CC(C(=O)NC(CCCCN)C(=O)O)NC(=O)C(CC(=O)O)N
206,CC(CC1=CC2=C(C=C1)OCC2)N
207,CC1(C2CCC(C2)(C1=O)C)C
208,CC(=O)NC1=CC(=C(C=C1)O)O
209,CCCCCCCCC=CCCCCCCCC(=O)OCC(COP(=O)([O-])OCC[NH3+])O
210,O=C(NCCc1ccccc1)Cc2ccccc2
211,CCCCCCCCCCCCCC(NC(C(O)=O)CC1=CC=C(O)C=C1)=O
212,C1=CC=C(C=C1)CC(C(=O)NC(CCC(=O)O)C(=O)O)N
213,CC1C(C(C(O1)OC2C(C(C(C(C2O)O)N=C(N)N)O)N=C(N)N)OC3C(C(C(C(O3)CO)O)O)NC)(C=O)O
214,C1=CC(=C(C=C1Cl)Cl)C(=O)O
215,CC12CCC(CC1CCC3C2C(=O)CC4(C3CCC4(C(=O)CO)O)C)O
216,CCOc1ccc(-c2cc(=O)c3cc(C)cc(C)c3o2)cc1OC
217,CC12CCC(=O)CC1CCC3C2C(=O)CC4(C3CCC4C(=O)CO)C
218,CC(C)=CCCC(C)(O)C1CC=C(C)CC1
219,COc1cc(O)c2c(=O)cc(-c3ccc(O)cc3)oc2c1
220,CC(CC1=CC(=C(C=C1)OC)OC)NC
221,C1=CC=C(C=C1)CC(C(=O)O)O
222,CCCCCCC(=CC1=CC=CC=C1)C=O
223,CC1=CC(=C(C=C1)NCCCC2=CC=CC=C2)N
224,C1C[C@H](N(C1)C(=O)[C@H](CC2=CC=CC=C2)N)C(=O)O
225,CCC=CCC(C=CC1C(CC(=O)C1CC=CCCCC(=O)O)O)O
226,CC=CC=CCCCCCCCO
227,C1C2C(C(C(C(O1)(O2)CO)O)O)O
228,O=C(O)c1ccnc2ccccc12
229,CCOC(=O)CC1=CNC2=CC=CC=C21
230,CCCCOC(=O)CC(CC(=O)OCCCC)(OC(C)=O)C(=O)OCCCC
231,CN1C2CCC1C(C(C2)OC(=O)C3=CC=C(C=C3)O)C(=O)O
232,CCN(CC)C(=O)C1=CC(C)=CC=C1
233,CC(=O)C1(CCC2C1(CC(C3C2CCC4=CC(=O)CCC34C)O)C)O
234,CCCCCC(O)CC(=O)CCC1=CC(OC)=C(O)C=C1
235,C1=CC=C(C(=C1)C=NNC(=O)CCCCCC(=O)O)C(=O)O
236,CC1(C(C1(C)C)C(=O)C2=CN(C3=CC=CC=C32)CCCC=C)C
237,COC(=O)NC1=NC2=CC=CC=C2N1
238,CCCCOC1=CC=C(N)C=C1
239,CC(C(=O)O)NC(=O)C(CC(=O)O)N
240,CCCCCCCCCCCCCCC(=O)OC[C@H](COP(=O)([O-])OCC[N+](C)(C)C)O
241,CC(C)OC(=O)CCCC=CCC1C(CC(C1C=CC(COC2=CC=CC(=C2)C(F)(F)F)O)O)O
242,CC12CCC3C(C1CCC2O)CCC4=CC(=O)CCC34
243,CCCCCCCCCCC[C@@H]1N[C@@H](C)CCC1
244,CCCCCCC(CC#C)C(=O)O
245,C(CCN)CC(C(=O)NCC(=O)O)N
246,CC/1=C/CC2C(C)(CO)CCCC2(CO)C1CO
247,O=c1c2ccccc2[nH]c2ccccc12
248,CCCCC(C)(CC=CC1C(CC(=O)C1CCCCCCC(=O)O)O)O
249,O=C(O)CCCC[C@@H]1SC[C@@H]2N=C(O)N[C@H]12
250,COC(=O)\C=C(/C)CC[C@H]1C(=C)CCC2[C@]1(C)CCC[C@]2(C)C(O)=O
251,CC1=C(C(=CC=C1)C)N(C(C)C(=O)OC)C(=O)COC
252,CCCCCCCCCCCCCCC(NCCCCC)=O
253,CCN(CC)CCOC(=O)C(C1CCCCC1)C2=CC=CC=C2
254,CC1=CC2=C(C=C1C(=C)C3=CC=C(C=C3)C(=O)O)C(CCC2(C)C)(C)C
255,O=C(N[C@@H](CC1=CC=CC=C1)C(OC[C@H](CC2=CC=CC=C2)NC(C3=CC=CC=C3)=O)=O)C4=CC=CC=C4
256,CC1=CC(=O)C2=C(C)CC(O)C3C(C)C(=O)OC3C12
257,CCCCCCCCCCCCCC[N+](C)(C)CC1=CC=CC=C1
258,CCCC(C(=O)C1=CC=CC=C1)NC
259,CCCCCC=CCC=CCC=CCC=CCCCC(=O)NC(C)CO
260,CC\C=C/CC1C(CCC1OC2OC(CO)C(O)C(O)C2O)CC(O)=O
261,CC(=O)OCC(=O)C1(CCC2C1(CC(C3C2CCC4=CC(=O)CCC34C)O)C)O
262,CC(=C)C(=O)C(=CC(=O)O)OC
263,CC(CN1CCCCC1)CC1=CC=C(C=C1)C(C)(C)C
264,CN(C)CCC=C1C2=CC=CC=C2CSC3=CC=CC=C31
265,CCC=CCC(C=CC=CC=CC(CC=CCC=CCCC(=O)O)O)O
266,CC(C(=O)CCCCCC(=O)O)N
267,CC1=CC(=NN1C2=NC3=CC=CC=C3N2)C
268,CC(C)(C)C1=NN=C(N(C1=O)N)SC
269,C1CCC(C(C1)N)NC(=O)P(=O)(O)O
270,O=c1cc(-c2ccc(O)cc2)oc2ccc3ccccc3c12
271,CC(CCCCCC1OC(=O)C=C1)C(C)=O
272,C1=CC=C(C=C1)NC(=O)NC2=CC=CC=C2
273,C(CCC(=O)O)CC(C(=O)O)N
274,CC(C)CC(C(=O)NC(CC(C)C)C(=O)N)N
275,CC(C)(C1=CC=C(C=C1)OCC2CO2)C3=CC=C(C=C3)OCC4CO4
276,N[C@@H](CCC(=O)N[C@H]1CSSC[C@H](NC(=O)CC[C@H](NC1=O)C(O)=O)C(=O)NCC(O)=O)C(O)=O
277,C1=CC=C2C(=C1)C(=CN2CCCCCF)C(=O)C3=CN=CC=C3
278,CC1C(O1)C2=CC(OC2=O)C(C)O
279,CC(=O)C1CC(C1(C)C)CC(=O)O
280,CC12CCC(C(C1CCC(=C)C2CC=C3C=COC3=O)(C)CO)O
281,C1=CC=C(C=C1)CC(C(=O)NCC(=O)O)N
282,CC(=O)NC1=CC=C(C=C1)S(=O)(=O)NC2=CC=CC=N2
283,CC1(CC2C1CCC3(C(O3)CCC2=C)C)C
284,CCCCC\C=C/C\C=C/CC(O)C(O)C\C=C/CCCC(O)=O
285,N#CC(C1=CC=CC=C1)C1=CC=CC=C1
286,CC(=O)OCC(=O)[C@@]1(O)CC[C@H]2[C@@H]3CCC4=CC(=O)CC[C@]4(C)[C@H]3[C@@H](O)C[C@]12C
287,CCCC1C(C(=C)C(=O)O1)C(=O)O
288,CC1=C2CC(CCC2(CCC1=O)C)C(=C)C
289,CCCC(CCC(=O)O)C(=O)O
290,CC12CC(C3C(C1CCC2(C(CO)O)O)CCC4=CC(=O)C=CC34C)O
291,CC(C)CC(C1(CCC1)C2=CC=C(C=C2)Cl)N(C)C
292,CCCCCC(C=CC1C(CC(C1CC=CCCCC(=O)O)O)O)O
293,C(COCCOCCOCCOCCOCCOCCOCCOCCO)O
294,CC1=C(C=C(C=C1)C(C)CCC=C(C)C)O
295,CCCCCC=CCC=CCC=CCCCCC(=O)OC
296,COC(=O)CCCCCCCCC(=O)O
297,CCC1(CCC(=O)NC1=O)C2=CC=CC=C2
298,CCOc1ccc2oc(=O)cc(CN3CCNCC3)c2c1
299,N=C(NC1=CC=CC=C1)NC1=CC=CC=C1
300,CCCCCC(C=CC1CCC(=O)C1CC=CCCCC(=O)O)O
301,CC12CCC(=O)C=C1CCC3C2C(=O)CC4(C3CCC4=O)C
302,C1CCC(=NNC(=O)CCCCCC(=O)O)C1
303,CC(C)CC(C(=O)NC(CC(C)C)C(=O)OC)N
304,C1=CC=C2C(=C1)C(=CC=N2)C(=O)O
305,CC(C(C(=O)NC(CO)C(=O)NC(CCCCN)C(=O)O)N)O
306,CCCC[N+](CCCC)(CCCC)CCCC
307,OC(=O)CCCCCCC(O)=O
308,CN(C)CCC=C1C2=CC=CC=C2COC3=CC=CC=C31
309,CC1=C(C=C2CCC(OC2=C1C)(C)CCCC(C)CCCC(C)CCCC(C)C)O
310,CCCCCCC(C(=O)C1=CC=C(C=C1)OC)N2CCCC2
311,CCCCCC(=O)CCC1C(CC(C1CCC(=O)O)O)O
312,C[C@]12CC[C@H]3[C@@H](CC[C@@H]4C[C@@H](O)CC[C@]34C)[C@@]1(O)CC[C@@H]2C1=COC(=O)C=C1
313,Cc1cc2c(c(O)c1-c1c(C)cc3c(c1O)C(=CNN1C(C)CCC1Cc1ccco1)C(=O)C(O)=C3C(C)C)C(=CNN1CCCC1Cc1ccco1)C(=O)C(O)=C2C(C)C
314,CC1CC(OC12CCC3(C2CC=C(C4C(C3)C(CC4=O)(C)O)C=O)C)C=C(C)C
315,CC(C(=O)[O-])NC(=O)C(CC1=CC=CC=C1)[NH3+]
316,CC1(C)CC[C@@]2(CC[C@]3(C)\C(=C/CC4[C@@]5(C)CCC(O[C@@H]6OC[C@H](O)[C@H](O)[C@H]6O[C@@H]7O[C@H](CO)[C@@H](O)[C@H](O)[C@H]7O)[C@@](C)(CO)C5CC[C@@]34C)[C@@H]2C1)C(O)=O
317,C[C@H](CCC(=O)NCCS(=O)(=O)O)[C@H]1CC[C@@H]2[C@@]1(CC[C@H]3[C@H]2[C@H](C[C@H]4[C@@]3(CC[C@H](C4)O)C)O)C
318,CC1(C2(O)CCCCC2)NCCc2ccccc21
319,NCCc1c[nH]c2ccccc12
320,CC\C=C/C[C@@H]1[C@@H](CCCCCCCC(O)=O)\C=C/C1=O
321,CCCC(C)(C)C1=CC2=C(C=C1)C3CC(=CCC3C(O2)(C)C)C
322,CC1(C)C2C\C=C(COC3OC(COC4OCC(O)(CO)C4O)C(O)C(O)C3O)/C1C2
323,C[C@@]12CC[C@H](C([C@H]3[C@@H]1[C@@H](C[C@@]2(C3O)C)O)(C)C)O
324,CCC=CCC1C(CCC1=O)CC(=O)O
325,O=C(NCCCCC)CCCCCCCC=CCCCC
326,CCNC1=NC(=NC(=N1)N(CC)CC)NCC
327,CN(C)C1=NC(=NC(=N1)N(C)C)N(C)C
328,CCOC1=CC=C(C=C1)C(C)(C)COCC2=CC(=CC=C2)OC3=CC=CC=C3
329,CCCCCCCCCCCCCCCCCC(=O)N
330,CCCCCC=CCC=CCC=CCC=CCCCC(=O)NCC(CC(=O)O)O
331,C[N+](C)(C)CCCCCNCC12CC3CC(C1)CC(C3)C2
332,C[C@@]12CCC(=O)C=C2C=C[C@@H]3[C@@H]1CC[C@@]4(C)[C@H]3CC[C@]54CCC(=O)O5
333,CCCCCCC1=CC=C(N)C=C1
334,CCCCCCCCCCCCCCCCC(=O)NCCO
335,CC1=C2C(C(C3(C(CC4C(C3C(C(C2(C)C)(CC1OC(=O)C)O)OC(=O)C5=CC=CC=C5)(CO4)OC(=O)C)O)C)O)OC(=O)C
336,CCC=CCC(C=CC1C2CC(C1CC=CCCCC(=O)O)CO2)O
337,CC1CC2C(C(C3(C1C(CC3O)OC(=O)C)C)O)C(=C)C(=O)O2
338,CC1=CC(=O)CC(C1(C=CC(=CC(=O)O)C)O)(C)C
339,CC(CC1=CC=CC=C1)(C(=O)O)N
340,Nc(c(ccc1)C(C)C)c1C(C)C
341,CC1CCC(CC1)CC(=O)O
342,CCCCCCCC(=O)CC(=O)NC1CCOC1=O
343,CC(=NOCC1=CC=CC=C1C(=NOC)C(=O)OC)C2=CC(=CC=C2)C(F)(F)F
344,NCC1(CC(O)=O)CCCCC1
345,C(CC(C(=O)NC(CO)C(=O)O)N)CN=C(N)N
346,CC1CCC2C(C(=O)OC3C24C1CCC(O3)(OO4)C)C
347,CCCCCN1C=C(C2=CC=CC=C21)C(=O)C3C(C3(C)C)(C)C
348,C1CCC(CC1)C(CCN2CCCCC2)(C3=CC=CC=C3)O
349,CCN(CC)CC(=O)NC1=C(C=CC=C1C)C
350,CC(C)CC(C(=O)[O-])[NH2+]C(=O)C
351,CCOC(=O)C1=CN=C(C=C1)C#CC2=CC3=C(C=C2)SCCC3(C)C
352,O=C(NCCS(=O)(O)=O)CCCCCCCC=CCCCCCC
353,C1=CC(=CC=C1C2=CC=C(C=C2)S(=O)(=O)Cl)F
354,Cc1cc(C(=O)O)nc2ccccc12
355,C(CCl)OP(=O)(OCCCl)OCCCl
356,CC(=O)C1=C(C=CC=C1OC)O
357,CC1(C)C2CCC1(C(=O)O)C(=O)C2
358,CC(C)C(C(=O)O)NC(=O)C(CC1=CC=CC=C1)N
359,OC1=C(C=CC=C1)C1=CC=CC=C1
360,CC(C1=CC=C(C=C1)CC(C)(C)O)C(=O)O
361,CCCCCCCCCC(=O)OC(CC(=O)[O-])C[N+](C)(C)C
362,CCCC(C#CC1=CC=CC=C1)O
363,CCCCCCCCC=CCCCCCCCC(=O)OCC(CO)OC(=O)C
364,CC\C=C/C/C=C\C\C=C/CCCCCCCC(=O)OCC(O)COC1OC(CO)C(O)C(O)C1O
365,CC1=CC2C(CC1)(C3(C(C(C(C34CO4)O2)O)OC(=O)C)C)COC(=O)C
366,C1=CC=C2C(C=CC3=C2C=CC=N3)=C1
367,CCCCCCC1=CC(=CC=C1)NC(=O)C(CCP(=O)(O)O)N
368,CC[N+](CC)(Cc1ccccc1)CC(=O)Nc2c(cccc2C)C
369,COC1OC(CO)C(O)C(O)C1O
370,CCN(CC)CC#CCOC(=O)C(C1CCCCC1)(C2=CC=CC=C2)O
371,CC12CCC(=O)C=C1CC(C3C24C(O4)CC5(C3CCC5(CCC(=O)O)O)C)C(=O)OC
372,C1CCC(CC1)(CC(=O)[O-])C[NH3+]
373,CC(CC1=C2CCOC2=CC=C1)N
374,C1=CC=C(C=C1)C(=O)C2=CC=CC=C2C(=O)O
375,O(C=1C=C(OC)C(C=CC)=CC1OC)C
376,CC12CCC3C(C1CC(C2=O)O)CCC4=C3C=CC(=C4)O
377,CCCCCC=CCC=CCC=CCC(C(CCCC(=O)O)O)O
378,CCCCCCCCC=CCCCCCCCCCCCC(=O)N
379,CCCCCCCCCCCCC[C@@H]1N[C@@H](C)CCC1
380,CC(C)(C)C1=NC(=CC=C1)C(C)(C)C
381,CCNCC(C1=CC(=CC=C1)O)O
382,CC1=CCC(C=CC(=O)C(=CCC1)C)(C)C
383,N(C)(CCCCCCCCCC)(C)=O
384,CCC=CCC1C(CCC1=O)CC(=O)OC
385,Cc1nccc2c1[nH]c1ccccc12
386,C(COP(=O)(OCCCCl)OCCCCl)CCl
387,CCCCCCCCCCCC(=O)N(CCO)CCO
388,CC1(CC(CC2(C1=CC(=O)O2)C)O)C
389,CCNC(=O)CCCC=CCC1C(CC(C1C=CC(COC2=CC=CC=C2)O)O)O
390,C1C(C(C2C1OC(=O)C2)CO)O
391,CC(C)(CO)[C@H](C(=O)NCCCO)O
392,C1=CC=C(C=C1)CC(C(=O)NC(CO)C(=O)[O-])[NH3+]
393,OCC(CC1=CC=CC=C1)NC(=O)C2=CC=CC=C2
394,CCCCCCCCCCCCCCCC(=O)CC(=O)O
395,C=C(C)C1CC=C(C(=O)O)CC1
396,CC(=O)C1=C(C=C(C=C1OC)OC)O
397,Cc1ccc(C(=O)NCCc2c(C)[nH]c3ccc(C)cc23)cc1
398,CCOC(=O)N1CCC(CC1)N
399,CN(C)CCN(CC1=CC=CC=C1)C2=CC=CC=N2
400,CC12CCC(=O)C=C1CCC3C2C(CC4(C3CCC4(C(=O)CO)O)C)O
401,C1=CC(=C(C=C1)N)C(=O)CC(C(=O)O)N
402,COCCOCCOCCO
403,CCCCOC(=O)CCCCCCCCC(=O)OCCCC
404,C1CCC(CC1)C(C=CC2C(CC3C2CC(=CC4=CC(=CC=C4)C(=O)O)C3)O)O
405,CCC=CCC1CCCC(=O)O1
406,C1C2CC3CC1CC(C2)(C3)NC(=O)NCCCCCCCCCCCC(=O)O
407,C#CCCC[C@H](CCCCCCCCCCC(=O)O)O
408,CC12CCC(CC1CCC3C2C(=O)CC4(C3CCC4C(=O)CO)C)O
409,CC1=CC(=C(C=C1OC)CCNCC2=CC=CC=C2OC)OC
410,CCCC1=CC(=O)C2=C(N1)C=C(C=C2)OC
411,COC1=CC(=CC2=C1OCO2)C=O
412,O=C(O)[C@H](CC1=CC=CC=C1)NC(CC[C@H](N)C(O)=O)=O
413,Cc1ccc(C(C)C)cc2c(C)ccc1-2
414,CC12CCC(=O)C=C1CCC3C2C(CC4(C3CCC4C(=O)CO)C)O
415,c1ccc(cc1)C1=C(C(=O)C(=C(C1=O)O)c1ccccc1)O
416,COc1cc(OC)c2c(C)cc(=O)oc2c1
417,CC1CC2C3CCC4=CC(=O)C=CC4(C3(C(CC2(C1(C(=O)CCl)OC(=O)C5=CC=CO5)C)OC(=O)C6=CC=CO6)Cl)C
418,CC1(CCCC2(C1CC=C(C2C=O)C=O)C)C
419,CC(C)CC(C)(C#CC(C)(CC(C)C)OCCO)OCCO
420,OC1=CC2=C(C=C1)C1(OC(=O)C3=C1C=CC=C3)C1=C(O2)C=C(O)C=C1
421,CC12CCC3C(C1CCC2(C#C)O)CCC4=CC(=C(C=C34)OC)O
422,CC1CC2C(C2(C)C)C3C=C(C(C4(C1(C3=O)C=C(C4O)C)O)O)CO
423,C1=CC=C(C=C1)CC(C(=O)O)N
424,C[C@H]1[C@@H]([C@@H](CC(=C)[C@@H]2CC([C@@H]2CC1=O)(C)C)O)O
425,CCCCP(=O)(CCCC)CCCC
426,COC(=O)Cc1c[nH]c2c1cccc2
427,CCCCCCC(C)(C)C1=CC(=C(C=C1)C2CCCC(C2)O)O
428,CC12CCC3C4(CCCC(C4CCC3(C1)CC2=O)(C)C(=O)O)C
429,CC12CCC3C(C1CCC2(C)O)CCC4C3(CC5=C(C4O)NN=C5)C
430,CCCCCCCCCCCCCCCC(=O)OCC(CO)O
431,CC(/C=C/C=C/CC(C)C(O)C(C(N)=O)O)=C\C(C(OC)=O)=C/C
432,CC(C)CC(C(=O)NC(CCCN=C(N)N)C(=O)O)NC(=O)C(CS)N
433,C1=CC2=NC=C(C=C2C=C1Br)O
434,CC1CCC(\C=C(/C)C(O)=O)C23OC2(C)CCC13
435,CC1OC(OC2CC(O)C3(CO)C4C(O)CC5(C)C(C6=CC(=O)OC6)CCC5(O)C4CCC3(O)C2)C(O)C(O)C1O
436,CC/1=C/C(=O)C2C(C)(C)CCC[C@]2(C)[C@H]1CO
437,CC1CC(C(=O)C(C1)C(CC2CC(=O)NC(=O)C2)O)C
438,COC(=O)C1C(O)CCC2CN3CCc4c([nH]c5ccccc45)C3CC21
439,CC(C)(C)C1=CC(=C(C(=C1)C=O)O)C(C)(C)C
440,COC(=O)CCCCC(=O)OC
441,CC(C)C12C(O1)C3C4(O3)C5(CCC6=C(C5CC7C4(C2O)O7)COC6=O)C
442,CC1(C=CC2=C(O1)C=CC3=C2OCC(C3)C4=C(C=C(C=C4)O)O)C
443,C[C@@H]1O[C@@H](OC[C@H]2O[C@@H](OC(C)(C)C3CC\C(=C/C3)C)[C@H](O)[C@@H](O)[C@@H]2O)[C@H](O)[C@H](O)[C@H]1O
444,C1=CC(=C(C=C1CC(C(=O)O)N)O)O
445,CO[C@@H]1[C@H](O)CCC2(CO2)[C@H]1[C@@]3(C)O[C@@H]3CC=C(C)C
446,C1=CC=C(C=C1)C=CC(=O)C2=CC=CC=C2
447,CCCCCCCCN1CCCC1=O
448,COC1=CC=C(C=C1)C=CC(=O)O
449,CC(C)NCC(COC1=CC=CC=C1CC=C)O
450,CCC1=CC(C)=CC(CC)=C1C1C(=O)N2CCOCCN2C1=O
451,CC1CCCC=CC2CC(CC2C(C=CC(=O)O1)O)O
452,Cc1cc(O)nc2ccc(S(=O)(=O)N(C)CC34CC5CC(CC(C5)C3)C4)cc12
453,CNCC(C1=CC(=C(C=C1)O)OC)O
454,C1=CC2=C(C=CC=C2O)C(=C1)N
455,CC(C)C(=O)OC(CC(=O)[O-])C[N+](C)(C)C
456,C(C1)C1C(O)=C(C(=O)CC2C(=O)O)C(=O)C2
457,CCCCC(C)(C)C(C=CC1C(CC(=O)C1CC(=O)CCCCC(=O)O)O)O
458,CCC1(CCC2C1(CCC3C2CCC4=CC(=O)CCC34)C)O
459,O=C2N(c1c(cccc1C)CC)C(C)COC2
460,CCCCCCCCCCCCCCC(C(CO)N)O
461,CC1(CCCC2(C1CCC3(C2CC(=O)O3)C)C)C
462,CCCCCCCC(CC(=O)CCC1=CC(=C(C=C1)O)OC)O
463,CC(C)C(CCC(O)=O)\C=C\C(=C)CCC(C)=O
464,CC1=CC(C)=NC(NS(=O)(=O)C2=CC=C(N)C=C2)=N1
465,C1=CC=C(C=C1)CC(C(=O)NCC(=O)NCC(=O)O)N
466,CC(=O)OCC(CC1=CC=CC=C1)NC(=O)C(CC2=CC=CC=C2)NC(=O)C3=CC=CC=C3
467,C1=CC=C(C=C1)CCC(C=CC2C=CC(=O)C2CC=CCCCC(=O)O)O
468,CC(C)NC1=NC(=NC(=N1)OC)NC(C)C
469,CC12CN3C4CC56CC(=C)C7C(O)C5C3C(CC(O)C1)(C24)C6C7O
470,[H+].[H+].C(CCCC(=O)[O-])CCC(=O)[O-]
471,CC1=C(C(=CC=C1)C)OCC(C)N
472,CCCCCC(C=CC1C(CC(=O)C1CCCCCCC(=O)O)O)O
473,CC(C1CCC2C1(CCC3C2CCC4=CC(=O)CCC34C)C)O
474,CC1CC2(C(C1OC(=O)CC3=CC=CC=C3)C(C4(CCC5C(C5(C)C)C=C(C2=O)C)CO4)OC(=O)C)OC(=O)C
475,CC12CCCC(C1CCC34C2CCC(C3)(C(=C)C4)O)(C)C(=O)O
476,CC(C)NC(=NC(C)C)OC
477,C1=CC=C(C=C1)CC(C(=O)O)NC(=O)C(CCC(=O)O)N
478,C(C(=O)NCCN(C(C)C)C(C)C)N1C(CCC1)=O
479,CC1C(O)C2(OC(C)=O)C(C3\C=C(CO)/CC4C(\C=C(C)/C4=O)C13O)C2(C)C
480,CC1=CC2=C(C=C1)C(=O)OC2=O
481,O=C1/C=C\SN1CCCCCCCC
482,CCCCCCCCCCCC[N+](C)(C)[O-]
483,CCCCCCCCCCCCCC(CC(=O)OC(CC(=O)[O-])C[N+](C)(C)C)O
484,C1C(C(C(C(C1N)OC2C(C(C(C(O2)CN)O)O)N)OC3C(C(C(O3)CO)OC4C(C(C(C(O4)CN)O)O)N)O)O)N
485,C#CCCCC(C=CC=O)O
486,CC12CCC(=O)CC1CCC3C2CCC4(C3CCC4OS(=O)(=O)O)C
487,CCCCCC=CCC=CCC=CCC=CCCCC(=O)NCCF
488,CCC(C)C1C(=O)N2CCCCC2C(=O)NC(C(=O)NC(C(=O)N1)CC3=CN(C4=CC=CC=C43)OC)CCCCCC(=O)CC
489,COc(c1)cc(cc1)C(=O)N(CC)CC
490,COC(=O)C(NC(=O)C(C)O)C(C)C
491,CC(C#C)OC(=O)NC1=CC(=CC=C1)Cl
492,CCC(C(C1=CC(=C(C=C1)O)O)O)NC(C)C
493,CCNC1=NC2C(C(C(OC2S1)CO)O)O
494,CC12CCC3C(C1CCC2=O)CC4(CO4)C5=CC(=O)C=CC35C
495,C[C@H]1[C@H](O)CC\C2=C\[C@@H](O)[C@@]3(O[C@@H]3[C@]12C)C(C)=C
496,COCCOCCOCCOC
497,C[C@]12CCC3=C4CCC(=O)C=C4CC[C@H]3[C@@H]1CC[C@]2(CC#N)O
498,CCc1c(O)nc2cc(C)cc(C)c2c1O
499,CCC1=CC(=C(C=C1OC)CCN)OC
500,C1=CC(=C(C=C1C(C(=O)O)O)O)O
501,CC1=CC(=C(C=C1)C=CC(=O)O)C
502,CCCCCCC(=O)OC1CCC2C1(CCC3C2CCC4=CC(=O)CCC34C)C
503,O=C(NCCS(=O)(O)=O)CCCCCCCC=CCCCC
504,CCCCCC1=CC(=C(C(=C1C(=O)O)O)C2C=C(CCC2C(=C)C)C)O
505,CCCCOCCOP(=O)(OCCOCCCC)OCCOCCCC
506,CC(C)(C)C1=CC(=C(C(=C1)C(C)(C)C)C(=O)OC)C(C)(C)C
507,COc1ccc(C=CC(=O)c2ccc(N=C(C)O)cc2)cc1OC
508,CCCCCC1=CC=C(N)C=C1
509,CCNC(=O)CCCC=CCC1C(CC(C1C=CC(CCC2=CC=CC=C2)O)O)O
510,CCCCCCCN1C=C(C2=CC=CC=C21)C(=O)C3C(C3(C)C)(C)C
511,CC12CCC(CC1CCC3C2CCC4(C3CCC4(C)O)C)O
512,C1=CC=C(C=C1)C(CC(=O)O)CN
513,CCCCOCCOCCOCCO
514,CC1=C(C(CCC1)(C)C)C=CC(=CC=CC(=CC(=O)OC)C)C
515,CC(C)C(C(=O)NC(CC(=O)O)C(=O)COC1=C(C=CC=C1F)F)NC(=O)C2=NC3=CC=CC=C3C=C2
516,CC(C)(C)C1=CC(=O)C=C(C1=O)C(C)(C)C
517,CCCCCCCCCCCCCCCCCC(=O)OCC(CO)O
518,O=C(NC(C(O)=O)CC1=CC=C(O)C=C1)CCCCCCCC=CCCCC
519,CC1=CSC(=C1N(C(C)COC)C(=O)CCl)C
520,CC(CC1=C2C(=CC=C1)OCO2)NC
521,O=P(OC1=CC=CC=C1)(OC1=CC=CC=C1)OC1=CC=CC=C1
522,CC(C)C1=CC2=C(C=C1)C3(CCCC(C3CC2)(C)CN)C
523,C1=CC=C(C=C1)CC(CC(=O)O)C(=O)O
524,CCCCCC(C=CC=O)O
525,CC(=C)C1CCC(=CC1)C(=O)O
526,CC(=O)NCCCCCCNC(=O)C
527,OC[C@@H]1CCCN2CCCC[C@H]12
528,C(CCCCCC(=O)O)CCCCC(=O)O
529,CC12CCC3C(C1CCC2(C#C)O)CCC4=CCCCC34
530,C/C=C/1\C(CC(N1C)C)(C2=CC=CC=C2)C3=CC=CC=C3
531,CCCCCC(=O)OCC(CO)OC(=O)CCCCC
532,CCC=CCC(C=CC1C(C(CC(=O)O1)O)CC=CCCCC(=O)O)O
533,C(COCC(=O)O)OCCOCC(=O)O
534,c1cc(ccc1CC(CN2CCCCC2)C)C(C)(C)C
535,CCC(C(=O)C1=CC=CC=C1)NCC
536,CCCCCCCCCCCCCCCC(=O)OC(CO)CO
537,C1CCC(=O)C(C1)NC2=CC=CC=C2
538,CC1=C2C(C(=O)C3(C(CC4C(C3C(C(C2(C)C)(CC1O)O)OC(=O)C5=CC=CC=C5)(CO4)OC(=O)C)O)C)OC(=O)C
539,C1=CC=C(C(=C1)CC(C(=O)O)N)O
540,CCCCCCC(C)(C)C1=CC(=C(C=C1)C2CC(CCC2CCCO)O)O
541,CCN(CC)C(=O)C1(CC1CN)C2=CC=CC=C2
542,CC(=CC1C(C1(C)C)C(=O)OCN2C(=O)CN(C2=O)CC#C)C
543,CC(C)(C1=CC=C(C=C1)OCC(CO)O)C2=CC=C(C=C2)OCC(CO)O
544,C(CCCCCC(=O)O)CCCCCC(=O)O
545,C1=CC(=C(C=C1C(CN)O)O)O
546,CC(=O)NCCC1=CNC2=C1C=C(O)C=C2
547,COCCOCCOCC(=O)O
548,CC=CNC1=C(C(=NCC(=O)O)CC(C1)(CO)O)OC
549,CCCCCCCCCCCCCCCCOC[C@H](COP(=O)([O-])OCC[N+](C)(C)C)O
550,CC(CCC1(C)C(C)CCC2(C)C1CC(=O)C=C2COC(C)=O)CC(O)=O
551,CC(CCC(=O)O)C1CCC2C1(CCC3C2C(=O)CC4C3(CCC(C4)O)C)C
552,O=C(N(c1ccccc1C)CC)C=CC
553,CC(CCC1=CC=CC=C1)NCC(C2=CC(=C(C=C2)O)C(=O)N)O
554,CC(CC1=CC2=C(C=C1)C=CN2)N
555,COC1=C(C2=C(C=C1CC=C)OCO2)OC
556,C(COCCOCCOCCOCCOCCO)O
557,COC1=CC=C(C=C1)C(C2CC2)(C3=CC=CC=C3)O
558,CC(C)(C)C(O)(CCC1=CC=C(Cl)C=C1)CN1C=NC=N1
559,CCC1C(O1)CC=CCC=CCC=CCC=CCC=CCCC(=O)O
560,CC1=CC=C(C=C1)C(=O)C(C)NCC2=CC=CC=C2
561,CC(=CCNC1=NC=NC2=C1NC=N2)C
562,COC1=CC2=C(CCC(=O)O2)C=C1
563,CC(CCCCC1C(C(=O)O1)CO)CC(=CC(=CC(=O)O)C)C
564,C1=CC=C(C=C1)CC(C(=O)[O-])NC(=O)C[NH3+]
565,CCCCCC(CC=C1C(C(CC1=O)O)CC=CCCCC(=O)O)O
566,CCCCC(C(=O)O)NC(=O)C(CCC)NC(=O)OCC1=CC=CC=C1
567,C1CCC(CC1)NC1CCCCC1
568,COC1=C2CC3C(C)(CC(O)C(C(C)(C)O)C3(C)CCC(O)=O)OC2=C(C)C4=C1C(=O)OC4
569,CCCCCCCCC=C(CCCCCCCC(=O)O)[N+](=O)[O-]
570,CC12C(CCC3(C1C(C45C3CCC(C4)C(=C)C5)C(=O)O)OC2=O)O
571,C=CC1CN2CCC1CC2C(C3=C4C=C(C=CC4=NC=C3)O)O
572,CC(=NCCCC(C(=O)O)N)N
573,CCN(CC)c1ccc(C2C3CCCCC3(O)CCN2C(=O)C=Cc2ccc(C(C)C)cc2)cc1
574,CC12CCC(=O)C=C1CCC3C2C(CC4(C3CCC4=O)C)O
575,C1=CC=C(C=C1)CC(=O)N[C@@H](CCC(=O)N)C(=O)O
576,Oc(c3)ccc(c3)C(=C1)C(=O)c(c(O)2)c(cc(O)c2)O1
577,COC1=C(C=C(C=C1)CC=C)OC
578,CCOC(=O)NCCCC(=O)NCCC1=CC=CC=C1
579,CC12CCC(CC1=CCC3C2CCC4(C3CC(C4=O)O)C)O
580,C(CC(C(=O)O)NC(=O)C(CO)N)CN=C(N)N
581,CCCCCCCCCCCCCC(=O)NC1CCOC1=O
582,CCOC1=CC(=C(C=C1)C(=O)C2=CC=CC=C2)O
583,CCN(CCO)C1=CC=CC(=C1)C
584,CN1CCN2C(C1)C3=CC=CC=C3CC4=CC=CC=C42.Cl
585,COC1=CC=C(C=C1)C(O)(C1CC1)C1=CN=CN=C1
586,CC(C)(C)NCC(C1=CC(=C(C=C1)O)CO)O
587,COC(=O)CCC(C(=O)OC)N
588,CN1N(C(=O)C=C1C)C2=CC=CC=C2
589,CC1CCC2C13CC(C(O3)(CC2=C)O)C(C)C
590,C1C[C@H](N(C1)C(=O)[C@H](CC2=CN=CN2)N)C(=O)O
591,C1=CC=C(C=C1)CCC(CCC2C=CC(=O)C2CC=CCCCC(=O)O)O
592,C#CC1(OC(C)=O)CCC2C3CCC4=CC(=O)CCC4C3CCC21C
593,CC(CCC1\C(=C/C(=O)CC1(C)C)C)O[C@@H]2O[C@H](CO[C@@H]3OC[C@@H](O)[C@H](O)[C@H]3O)[C@@H](O)[C@H](O)[C@H]2O
594,CCCCOC1=CC=C(C=C1)OCCCN2CCOCC2
595,CCCCCCCCCCCCCCCC(C(CO)N)O
596,CC1=C(C=C(C(=C1C)OC)CCNCC2=CC=CC=C2OC)OC
597,CC(C)C[C@@H](C(=O)NCC(=O)N[C@@H](CC(C)C)C(=O)O)N
598,CC(=O)NC(CO)C(C(C(CO)O)O)O
599,C1CN(CCC1N)C2CCOC2
600,C1CCC(CC1)NC2=CC=CC=C2
601,CCOP(=O)(OCC)OCC
602,CCCC(C(C1=CC=CC=C1)O)N2CCCC2
603,COC1=CC=CC=C1N2CCN(CC2)CC(COC3=CC=CC4=CC=CC=C43)O
604,CCCCCC(C=CC1CCC(=O)C1CCCCCCC(=O)O)O
605,C1=CC=C2C(=C1)C(=O)C3=C(N2)C=CC(=C3)O
606,C#CCCCCCCCCCCCCCCCC(=O)O
607,CCC1=C(C(=O)N[C@H]1CC2=C(C(=C(N2)/C=C\3/C(=C(C(=N3)C[C@H]4C(=C(C(=O)N4)CC)C)C)CCC(=O)O)CCC(=O)O)C)C
608,C1=CC(=O)C(C1CCC(=O)O)CCC(=O)CCCCC(=O)O
609,C(CCCCC(=O)O)CCC/C=C/C(=O)O
610,CC12CCC(CC1CCC3C2C(CC4(C3CCC4C(=O)CO)C)O)O
611,COC1C(C(C(C(O1)CO)O)O)O
612,C1CCC2=NC3=CC=CC=C3C(=C2C1)N
613,CN1C=NC2=C1C(=O)N(C(=O)N2C)C
614,C1=CC2=C(C(=C(C=C2)Br)O)N=C1
615,C1=C(NC=N1)CC(C(=O)NC(CCC(=O)O)C(=O)O)N
616,CC(=O)OCC(/CC[C@@H]1\C(=C/C[C@@H]2C(C)(C)CCC[C@@]12C)C=O)=C/C(O)=O
617,C[C@H](CCC(=O)O)[C@H]1CC[C@@H]2[C@@]1(CC[C@H]3[C@H]2[C@@H]([C@@H]([C@H]4[C@@]3(CC[C@H](C4)O)C)O)O)C
618,CCCCCCCCCCCCCCCC(=O)N
619,C1=CC=C2C(=C1)C(=CC(=C2O)C(=O)O)O
620,C1=CC=C(C=C1)C/C(=N/[C@@H](CCC(=N)O)C(=O)O)/O
621,CCCCCC#CCC#CCC#CCC#CCCCC(=O)O
622,CC(=O)C1=CC(=C(C=C1)OCCCN2CCC(CC2)C3=NOC4=C3C=CC(=C4)F)OC
623,CC(C)C1C(=O)NC(CC2=CNC3=C2C(=CC=C3)N1C)CO
624,C[C@@H]1[C@H]([C@@H]([C@H]([C@@H](O1)O[C@@]2(CCCC([C@@]2(/C=C/C(=C/C(=O)O)/C)O)(C)C)C)O)O)O
625,CC1CC(=O)NN=C1C2=CC=C(C=C2)N
626,CCN(CC)C1=CC=C2C(C)=CC(=O)OC2=C1
627,COC(=O)CCCCC1SCC2N=C(O)NC21
628,CCCCCC(=CC1=CC=CC=C1)C=O
629,C1=CC2=C(C(=C1)O)NC(=CC2=O)C(=O)O
630,CCCC(C(=O)C1=CC=CC=C1)NCC
631,CCCCCCCC(=O)O[C@H](CC(=O)[O-])C[N+](C)(C)C
632,CC12CCC3C(C1CCC2(C#C)O)CCC4=CC(=O)CCC34
633,C1CNC(CC1C2=CN=CC=C2)C3=CN=CC=C3
634,COc1cc2c3cc1OCc1c(O)c(OC)cc4c1C(Cc1ccc(cc1)Oc1cc(ccc1O)CC3N(C)CC2)N(C)CC4
635,CCC=CCC(C=CC1C(CC(C1CC(=O)CCCCC(=O)O)O)O)O
636,CC(C)(C)C1=CC(=O)C=CC1=O
637,CCC1(CCC(O1)C2(CCC3(O2)CC(C(C(O3)C(C)C(C(C)C(=O)O)OC)C)O)C)C4C(CC(O4)C5C(CC(C(O5)(CO)O)C)C)C
638,C[C@]12CC[C@H]3[C@H]([C@@H]1CC[C@@H]2O)CCC4=CC(=O)C=C[C@]34C
639,C\CC(/C=C/C(=O)/C(=C/C(C1)O)/C)(C)C
640,CCC(C(=O)C1=CC=CC=C1)NC
641,CCCC(CN1C=C(C2=CC=CC=C21)C(=O)C3=CC=C(C4=CC=CC=C43)C)F
642,C1CC(N(C1)C(=O)C(CCC(=O)O)NC(=O)C2CCC(=O)N2)C(=O)N
643,CC(/CCC1C(=C)C(CC2C(C)(C)C(O)CCC12C)OC3OCC(O)C(O)C3O)=C/CO
644,CCCCOP(=O)(OCCCC)OCCC(C)O
645,CCC1=CC=C(C=C1)C(=O)C(C)NCC
646,CCCCCCCCCCC=CC(C(CO)N)O
647,CCCCCC=CC=C1C(C=CC1=O)CC=CCCCC(=O)OC(CO)CO
648,C1CC(N(C1)C(=O)C(CC2=CC=C(C=C2)O)N)C(=O)NC(CCCN=C(N)N)C(=O)O
649,CCCCCC(O)C=CC1C(O)CC(=O)C1CCCCCCC(=O)O
650,CCCCCCCCCCCCCC[N+](C)(C)[O-]
651,C(CCCCC(=O)O)CCCCC(=O)O
652,CC(C=CC1(O)C(C)=CC(=O)CC1(C)C)=CC(=O)O
653,COC(=O)C1=CC=CC=C1S
654,CN1C2CCC1C(C(C2)OC(=O)C3=CC=CC=C3)C(=O)OC
655,CCOC(=O)C1(CCN(CC1)C)C2=CC=CC=C2
656,CC12CCC3C(C1CCC2O)CCC4=C3C=CC(=C4)O
657,CCCCCCCC(=O)CCC1C(CC(C1CC=CCCCC(=O)O)O)O
658,CC(=O)NC(CC1=CC=CC=C1)C(=O)O
659,C1CN(CCC1N)C2CCOCC2
660,CC12CCCC1C3CCC4CC(CCC4(C3CC2)C)O
661,C[N+](C)(C)CC(CC(=O)[O-])OC(=O)CCCCC(=O)O
662,CCCCNCC(O)c1ccc(O)cc1
663,O=C1C=C2CCC3C(CCC4(C)C(C(=O)C)CCC34)C2(C)CC1
664,CCCCOP(=O)(OCCCC)OCCCC
665,CC(=O)OC[C@H](CC1=CC=CC=C1)NC(=O)C(CC2=CC=CC=C2)NC(=O)C3=CC=CC=C3
666,CCCCCC(C=CC1C(CC2C1CC(=O)O2)O)O
667,COC(=O)CCCC=CCC1C(CC(C1C=CC(CCC2=CC=CC=C2)O)O)O
668,CC1=C(C(=O)C2=CC=CC=C2C1=O)CC=C(C)CCC=C(C)CCC=C(C)CCC=C(C)C
669,CCCCCCCCCCCCCC(=O)NCCC[N+](C)(C)CC(O)=O
670,CCCCCCCCOC(=O)C1=CC=CC=C1C(=O)OCCCCCCCC
671,COc1ccc(C(=O)c2ccccc2)c(O)c1
672,CCC(=O)NCCC1CCC2=C1C3=C(C=C2)OCC3
673,CC(C)(C)C1=CC=C(C=C1)C(=O)CCCN2CCC(CC2)OC(C3=CC=CC=C3)C4=CC=CC=C4
674,CC1(C)OC2(C)CCC1C(C2)OC3OC(COC4OCC(O)(CO)C4O)C(O)C(O)C3O
675,CC12CCC3C(C1CCC2O)CCC4=CC(=O)CCC34CO
676,C1=CC=C(C=C1)CC(C(=O)NC(CC2=CC=CC=C2)C(=O)O)N
677,CCCCCCCCCCCCCC=CC(C(CO)NC(=O)CCCCCCC)O
678,C1CCC(CC1)C(CCN2C(C(=O)NC2=O)CCCCCCC(=O)O)O
679,C1=CC=C(C=C1)CC(C(=O)O)NC(=O)C(CCCCN)N
680,CC(C(=O)C1=CC(=CC=C1)Br)NC
681,C1CCC2(CC1)OC3C(C(C4C(C3O2)OC5(O4)CCCCC5)O)O
682,CCCCCCCN(CC)CCCC(C1=CC=C(C=C1)NS(=O)(=O)C)O
683,CC12CCC3C(C1CCC2=O)CCC4=C3C=CC(=C4O)O
684,CC(O)CCC1(O)\C(=C/C(=O)CC1(C)C)C
685,CC1CC2C3CCC4=CC(=O)C=CC4(C35C(O5)CC2(C1(C(=O)CO)O)C)C
686,CCCCCCCCCCCCCCCCCC(=O)OCC(C1C(C(CO1)O)O)O
687,CC12CCC(=O)C=C1CCC3C2C(CC4(C3CCC4O)C)O
688,CC1CCCC=CC2CC(O)CC2C(O)C=CC(=O)O1
689,C1CC(=O)NC1C(=O)NC(CC2=CC=C(C=C2)O)C(=O)O
690,CCC1=CC=CC2=C1NC3=C2CCOC3(CC)CC(=O)O
691,CC1CC2CCC3C2(C(=C1)C(=O)O3)O
692,O=C1CCCCCCCCCCCN1
693,CC(C)OC1=CC=CC=C1OC(=O)NC
694,CC(C)(CO)C(C(=O)NCCCO)O
695,CC1CCC2C(C)C(=O)OC3OC4(C)CCC1C32OO4
696,CC1=C(C(=O)N(N1C)C2=CC=CC=C2)N
697,CC(=NCCCCC(C(=O)O)N)N
698,CCN(C1CCCCC1)C(=O)SCC
699,CCC(C=CC1C=CC(=O)C1CCCCCCCC(=O)O)O
700,CC(CCCC(C=CC1C(CC(=O)C1CCCCCCC(=O)O)O)O)O
701,CC(C)C(=O)OC1=C(C=C(C=C1)CO)[C@H](CCN(C(C)C)C(C)C)C2=CC=CC=C2.C(=C/C(=O)O)\C(=O)O
702,C[C@H](CC/C(=N/CCS(=O)(=O)O)/O)[C@H]1CC[C@H]2[C@H]3[C@H](C[C@@H]([C@]12C)O)[C@@]4(C)CC[C@H](C[C@H]4C[C@H]3O)O
703,CC(C)CC(=O)OC(CC(=O)[O-])C[N+](C)(C)C
704,CCC=CCC=CCC(C=CC=CC=CC(CC=CCCC(=O)O)O)O
705,CCCCCC(C=CC1C(CC2C1CC(=CCCCC(=O)O)O2)O)O
706,CCCCCC1C(O1)C/C=C\CCCCCCCC(=O)O
707,CC1=C(C(=C2CCC(OC2=C1C)(C)CCC(=O)O)C)O
708,CC(=O)OC\C(CCC1C(C=O)=CC(O)C2C(C)(C)CCCC12C)=C\C(O)=O
709,OC[C@H]1O[C@@H](OCCC2=CC=CC=C2)[C@H](O)[C@@H](O)[C@@H]1O
710,C[N+](C)(C)CC(CC(=O)[O-])O
711,C1=CC2=C(C=C1)NC=C2C[C@@H](C(=O)O)N
712,C1=C(NC=N1)CC(C(=O)NC(CCCN=C(N)N)C(=O)O)NC(=O)C(CCC(=O)O)N
713,CC1=CC(NC2=CC=CC=C2)=CC=C1
714,Cn1c(=O)c2c(nc3n(CC(O)c4ccccc4)c(C45CC6CC(CC(C6)C4)C5)cn23)n(C)c1=O
715,N1C2=CC=CC=C2N=C1C1=CSC=N1
716,CC1=C(C)C=C2N(C[C@H](O)[C@H](O)[C@H](O)CO)C3=NC(=O)NC(=O)C3=NC2=C1
717,COc1cc(-c2nc3c(n2O)C(=O)CC(C)(C)C3)cc(OC)c1OC
718,CC1=CC2=C(N1)C=CC=C2OCC(CNC(C)(C)C)OC(=O)C3=CC=CC=C3
719,OC1(C(C2=CC=C(OC)C=C2)C[N+](C)(C)[O-])CCCCC1
720,COc1cc(C(O)=Nc2cccc(-c3nncn3C)c2)cc(OC)c1OC
721,COc1ccc(-c2cc(=O)c3c(ccc4ccccc43)o2)cc1
722,CCCCNS(=O)(=O)C1=CC=CC=C1
723,CCCCCCCCCCCCCC=CC(C(COC1C(C(C(C(O1)CO)O)O)O)N)O
724,CN(C)C1=NC=NC2=C1NC=N2
725,CCCCCC(C=CC1C2CC=CCCCC(=O)OC2CC1O)O
726,CC(C(=O)O)NC(=O)C(CCCN=C(N)N)N
727,CCC=CCC=CC=CC(CCCCCCCC(=O)O)OO
728,n(c(nc1NC(C)C)O)c(n1)NC(C)C
729,O=c1c(O)c(-c2ccc(O)c(O)c2)oc2c(O)c(O)cc(O)c12
730,C\C1=C\CC2C(C)(CCCC2(C)C(O)=O)C1CC34OC3C(O)C(=C)C(O)C4O
731,OS(=O)(=O)c1ccc(CCCCCCCCCC(=O)O)cc1
732,C(CCN)CC(C(=O)NC(CCCCN)C(=O)O)NC(=O)C(CC(=O)N)N
733,CCCCCC=CCC=CCC=CCC=CCCCC(=O)NCCC1=CNC2=C1C=C(C=C2)O
734,CC(C)CCCCCCC/C=C/C(=O)O
735,CCC(C)OC(=O)N1CCCCC1CCO
736,C1=C2CCCNC2C3CN4CCCCC4C1C3
737,CCCCCCCCC1=CC=C(C=C1)CCC(CO)(CO)N
738,CC(CCC(=O)NCCS(=O)(=O)O)C1CCC2C1(CCC3C2C(CC4C3(CCC(C4)O)C)O)C
739,O=c1cc(-c2ccc(O)cc2)oc2c1ccc1ccccc12
740,CCOC(=O)C=CC(=O)OCC
741,C1C2C(C(S1)CCCCC(=O)O)NC(=O)N2
742,CCCCCCCCCCCC(=O)NCCO
743,CCCCCC(C=CC1C2CC(C1CC=CCCCC(=O)O)OO2)OO
744,CCCC=C1C2=C(C=CCC2)C(=O)O1
745,CC1(C2CC1C(C(C2)NS(=O)(=O)C3=CC=C(C=C3)I)CC=CCCCC(=O)O)C
746,CCCCCN1C=C(C(=O)C2=C1C=CC(=C2)C(C)C)C(=O)NC34CC5CC(C3)CC(C5)C4
747,CC(C)C1(C(=O)NC(=N1)C2=NC=C(C=C2C(=O)O)COC)C
748,C(CCCCCCCC(=O)O)CCCCCCC(=O)O
749,OS(=O)(=O)C1=NC2=CC=CC=C2S1
750,CC(C)CCCC(C)C1CCC2C1(CCC3C2CCC4=CC(=O)CCC34C)C
751,c1ccc2c(c1)[nH]c1cnccc12
752,CC1=C(C2=C(C=CC=C2)N1CCCCC(O)=O)C1=CN=CC=C1
753,CC12CCC3C(C1CCC2(C#C)O)CCC4C3CCC(=O)C4
754,C(CCCC=CC(=O)O)CCCO
755,COC(=O)C(CCCN=C(N)N)N
756,CCCCCCCC=CC(=O)O
757,CCCCOC(=O)C1=CC=CC=C1C(=O)OCCCC
758,CC(C)NCC(C1=CC(=C(C=C1)O)O)O
759,OCC1OC(OCC\C=C/C[C@@H]2[C@H](CCC2=O)CC(O)=O)C(O)C(O)C1O
760,CNCCC=C1C2=CC=CC=C2CCC3=CC=CC=C31
761,C(CCCC(C(CCCCCCO)O)O)CCCC(=O)O
762,CC(C)(C)[N+](=CC1=CC=CC=C1)[O-]
763,CCCCCC(=O)/C=C/C=C\CCCCCCCC(=O)O
764,CCNC(=O)C1CC(C)CCC1C(C)C
765,CC(C)(O)C1Cc2cc3ccc(=O)oc3cc2O1
766,C1=CC(=CC=C1C2=CC=C(C=C2)O)C3=CC(=CC(=C3)O)O
767,CC(C)N(CCC1=CNC2=C1C(=CC=C2)OC(=O)C)C(C)C
768,CCCCOCCOCC(=O)O
769,C(CCCCC(=O)O)CCCC=CC(=O)O
770,CCCCCCCCC(=O)NC1CCOC1=O
771,CCNC1=NC(=NC(=N1)SC)NC(C)C
772,CCOC(=O)C(CC1=CC=C(C=C1)O)N
773,CN1C2CCC1C(C(C2)O)C(=O)O
774,CC(=O)C1(CCC2C1(CCC3C2CC=C4C3(CCC(C4)O)C)C)O
775,C1CCC(CC1)CC(C=CC2C(CC(=O)C2CC=CCCCC(=O)O)O)O
776,CCN1CC2(C)CCC(OC)C34C2C(OC(C)=O)C2(OCOC25CC(OC)C2CC3(O)C5C2OC)C14
777,CCC=CCC=CCC=CCC=CCC=CCCCCCC(=O)NCCO
778,CC1(C)C2CCC1(CS(=O)(=O)N=c1cc[nH]cc1)C(=O)C2
779,C[C@H](CC/C(=N/CCS(=O)(=O)O)/O)[C@H]1CC[C@H]2[C@H]3[C@H](CC[C@]12C)[C@@]4(C)CC[C@H](C[C@H]4C[C@@H]3O)O
780,CCN(C(=O)\C=C\C)C1=CC=CC=C1C
781,C=C1C(=O)OC2CC3(C)CCCC(=C)C3CC12
782,CCC(C)C(C(=O)O)NC(=O)C(CC1=CC=CC=C1)N
783,CC1=C(C(CCC1O)(C)C)C=CC(=CC=CC(=CC(=O)O)C)C
784,CC12CCC(=O)C=C1CCC3C2(C(CC4(C3CCC4(C)O)C)O)F
785,CN1C2CCCC1CC(C2)N3C(=O)CC4=CC=CC=C43
786,CNC1(CCCCC1=O)C2=CC=CC=C2OC
787,O=C1C=C(OC2=CC(O)=C(OC)C(O)=C12)C=3C=CC(O)=C(O)C3
788,CNCCCC1(C2=C(CO1)C=C(C=C2)C#N)C3=CC=C(C=C3)F
789,CC(C)CC(C(=O)NC(CC1=CC=CC=C1)C(=O)O)N
790,CC1C=CCC2C3COC(O3)C(=O)C12
791,CC1=CC(=CC(=C1CC2=NCCN2)C)C(C)(C)C
792,CCCCCC=CCC=CCC1C(O1)CC=CCCCC(=O)O
793,CCCCCC=CC=CCCCCCCCCC(=O)O
794,CC1=CC(=C(O1)C)C(=O)N(C2CCCCC2)OC
795,CC1(CCC2C(=C1)CCC3C2(CC(CC3(C)CO)O)C)C(CO)O
796,CC(=O)OCC(=O)C1(CCC2C1(CC(C3C2CCC4=CC(=O)C=CC34C)O)C)O
797,CCCCCC1C(O1)CC=CCCCCCCCC(=O)O
798,CCSC(=O)N(CC(C)C)CC(C)C
799,C1=CC2=C(C=C1)NC=C2CC(=O)O
800,CCCCCCCC=CC=CC(=O)O
801,C1CC(=O)NC1C(=O)O
802,CC12CCC(=O)C=C1C(CC3C2C(CC4(C3CCC4(C(=O)CO)O)C)O)O
803,CCCCCC(C=CC1C(CC(=O)C1CCCCCCCO)O)O
804,CN(C)CC/C=C\1/C2=CC=CC=C2COC3=C1C=C(C=C3)CC(=O)O.Cl
805,CCCCCC=CC=C1C(C(CC1=O)O)CC=CCCCC(=O)O
806,CC(=CCC1=C(C)C(=O)c2ccccc2C1=O)CCCC(C)CCCC(C)CCCC(C)C
807,OC(CC(NC(C(C)O)C(O)=O)=C/1OC)(CO)CC1=N/C
808,COc1ccc2ncccc2c1
809,CCCCCC(C=CC=O)OO
810,CC12CCC3C(C1CCC2(C)O)CCC4C3(COC(=O)C4)C
811,NC(CCCCCC(=O)O)CCCCC(=O)O
812,CC(=O)OC1CCC2(C)C(CCC3(C)C2C(=O)C=C2C4CC(C)(C(O)=Nc5ccccc5)CCC4(C)CCC23C)C1(C)C
813,CC1=CC=C(C=C1)C(=O)C(C)N
814,C1=CC=C(C=C1)C[C@@H](CO)NC(=O)[C@H](CC2=CC=CC=C2)NC(=O)C3=CC=CC=C3
815,CC1=CC(C(CC1)C(=C)C)C2=C(C=C(C=C2C)O)O
816,CC1=C(N)C=CC(=C1)N=NC1=C(C)C=CC=C1
817,CC1=C2C(C(=O)C3(C(CC4C(C3C(C(C2(C)C)(CC1O)O)OC(=O)C5=CC=CC=C5)(CO4)OC(=O)C)O)C)O
818,CC(=CC1C(C1(C)C)C(=O)OCN2C(=O)C3=C(C2=O)CCCC3)C
819,CCCCCC(C=CC1C(CC(=C)C1CC=CCCCC(=O)O)O)O
820,CC12CCC3C(CCC4CC(=NO)CCC43C)C1CCC2O
821,CC1=C(N2C(C(C2=O)[NH3+])SC1)C(=O)[O-]
822,CNCCC=C1C2=CC=CC=C2CSC3=CC=CC=C31
823,CC(=C)C1CCC(=CC1)C=O
824,COC1=CC(\C=C\C=O)=CC=C1O
825,CC12CCC(=O)C=C1C(CC3C2(C(CC4(C3CCC4(C)O)C)O)F)O
826,CCC=CCC=CCC=CCC=CCC=CCCCCC(=O)OC
827,O=C(NCCS(=O)(O)=O)CCCCCCCCC=CCCCC
828,CC[C@H](C)[C@@H](C(=O)N[C@@H](CCCN=C(N)N)C(=O)O)N
829,CC1C(C(C(C(O1)OC2C(C(C(OC2OC3=CC(=C4C(=O)CC(OC4=C3)C5=CC(=C(C=C5)OC)O)O)CO)O)O)O)O)O
830,CC12CCC3C(C1CC(C2(C)O)O)CCC4C3(CC5=NON=C5C4)C
831,CC1CC(O[C@@H]2O[C@H](CO)[C@@H](O)[C@H](O)[C@H]2O)C(O)(CC/3=C(C)/C(=O)CC13)C(C)(C)O
832,C1=CC=C(C=C1)CCCCC(=O)O
833,CCCCCC=CCC=CCCC=CCCCC(=O)O
834,CCCCCCCCCCCCCCCCCCN
835,CC(C)C(C(=O)O)NC(=O)C(CC1=CC=C(C=C1)O)N
836,CC[C@H](C)[C@@H](C(=O)N[C@@H](CC(C)C)C(=O)O)N
837,CCCCCCCCC=CCCCCCCCC(=O)C1=NC2=C(O1)C=CC=N2
838,CCOC(=O)C1=CC=CC=C1C(=O)OCC
839,CC(=O)C1CCC2C1(CC(C3C2CCC4=CC(=O)CCC34C)O)C
840,CCCC(=O)OC1C(C)C2(O)C(C=C(CO)CC3(O)C(=O)C(C)=CC32)C2C(C)(C)C12OC(=O)CCC
841,CC12CCC3C(C1CCC2(C#C)O)CCC4=C3C=CC(=C4)OC
842,CN1C=CC(=C(C1=O)C#N)OC
843,CC(C(C(=O)NC(CCCN=C(N)N)C(=O)O)N)O
844,CCCCCC#CCC#CCCCCCCCC(=O)O
845,CC(C)(C(C(=O)O)NC(=O)C1=NN(C2=CC=CC=C21)CC3CCCCC3)C(=O)O
846,CC1CC2C3C(CCCC3(C1(CCC4=COC=C4)O)C)(C(=O)O2)C
847,CC(CCCCC(O)C(CO)C(O)=O)C\\C(C)=C\\C(C)=C\\C(O)=O
848,Cc1cc(=O)n(C)c2ccccc12
849,CCCCNC1=CC=C(C=C1)C(=O)O
850,C(CCCC(=O)O)CCCC(=O)O
851,O=C1C=2C=CC=CC2C(=O)C(=C1C)CC=C(C)CCCC(C)CCCC(C)CCCC(C)C
852,CCCN(CCC)C1=C(C=C(C=C1[N+](=O)[O-])C(C)C)[N+](=O)[O-]
853,CCCCCCCCCC[N+](C)(C)[O-]
854,COC1=C2OC(=O)C=CC2=C(OC)C3=C1OC=C3
855,CC(C)CC1OC(=O)C2=CCCCC21
856,CC12C3CCC(C1(C(=O)OC2=O)C)O3
857,CCCCCCCCCCCCCCCCCC[N+](C)(C)CC1=CC=CC=C1
858,CC(C)(C)C1=CC(=C(C=C1)C(C)(C)C)N
859,OC1C2CC3C1C(O)(CC2OC)C4C(OC)C5C6(COC)CN(CC)C4C35C(OC)CC6
860,COC(=O)CCCCCCCCC(=O)OC
861,CCOC(=O)C(CCC1=CC=CC=C1)[NH2+]C2CCC3=CC=CC=C3N(C2=O)CC(=O)[O-]
862,[H][C@@](O)(COC(=O)CCCCCCCCCCCC)COP([O-])(=O)OCC[N+](C)(C)C
863,CCCCCC(=O)O[C@H](CC(=O)[O-])C[N+](C)(C)C
864,CC(=O)NC1=CC=C(CC(O)=O)C=C1
865,C1CC(N(C1)C(=O)CN)C(=O)NC(CCCN=C(N)N)C(=O)N2CCCC2C(=O)N
866,CN(C)C1=CC=C(C=C1)C(C1=CC=CC=C1)C1=CC=C(C=C1)N(C)C
867,CCCCCCCCCC(=O)NC1=CC=C(C=C1)[N+](=O)[O-]
868,C1CCC(CC1)NC1=NC2=CC=CC=C2S1
869,CC(C)CC1N=C(O)C2CCCN2C1=O
870,C=C1C(=O)OC2C1CCC(C)=CCCC1(C)OC21
871,C#CCCCCCCCCCCCCCC(=O)O
872,C(COCCOCCOCCOCCO)O
873,CCCCCCCCCCCCCC=CC(C(CO)N(C)C)O
874,C(CCC=CCC=CCC=CCC=CCCCC(=O)O)CCO
875,COC(=O)C(N)Cc1ccccc1
876,CC(/CCC1C(=C)C(O)C(OC(=O)C2=CC=CC=C2)C3C1(C)CCCC3(C)C(O)=O)=C/CO
877,CC(C)(C)OC(=O)N1CCN(CC1)C2=CC=CC3=C2C=CN3
878,CCCCCN1C2=CC=CC=C2C(=N1)C(=O)NC(C(C)C)C(=O)N
879,C=C1C(=O)C23C(O)C1CCC2C12COC3(O)C(O)C1C(C)(C)CCC2O
880,CC12CCC(=O)CC1CCC3C2C(CC4(C3CCC4C(=O)CO)C)O
881,CCCCCCCCCCCCCCCC(=O)NC(CO)C(C=CCCCCCCCCCCCCC)O
882,CCCCN(CCCC)CCCC
883,CCCCCC(C=CC1C(CC(=O)C1CC=CCCCC(=O)OC(C)C)O)O
884,CC(C)C(C(=O)NC(CC1=CN=CN1)C(=O)O)N
885,O=C(O)Cc1cc(OC)c(O)cc1
886,CC12CCC3C(C1CCC2O)CC(C4=CC(=O)CCC34C)O
887,CC(CCC1(C)C(C)CCC2(C)C1CC(=O)C=C2C(O)=O)CC(O)=O
888,C1C(C(C(C1=O)CC=CCCCC(=O)O)C=CC(CC2=CC=CC=C2)O)O
889,CC1CC2C3CC(C4=CC(=O)C=CC4(C3(C(CC2(C1(C(=O)CO)O)C)O)F)C)O
890,CCCCC/C=C\C/C=C\CC/C=C\CCCC(=O)O
891,CC1C2CCC3C4CC=C5CC(N(C)C)CCC5(C)C4CCC32CN1C
892,CCCCCCCCCCCCC=CC(C(CO)N)O
893,CCCCCCCCC=CCCCCCCCC(=O)NCC(=O)O
894,CC(C)C(C)C=CC(C)C1CCC2C1(CCC3C2CC=C4C3(CCC(C4)O)C)C
895,CC(CCC/1=C(C)/CC(O)CC1(C)C)O[C@@H]2O[C@H](CO)[C@@H](O)[C@H](O)[C@H]2O
896,CC(=O)OCC(/CC[C@@H]1\C(=C/C(=O)[C@@H]2C(C)(C)CCC[C@@]12C)C)=C/C(O)=O
897,OC(=O)C1=CC(=O)C2=CC=CC=C2N1
898,C1C(C(C(C1F)C=CC(C2CC3=CC=CC=C3C2)O)CC=CCCCC(=O)O)O
899,CC1=C2C(=O)O[C@H]([C@@]2(CCC1)C)C3=COC=C3
900,C1CCc2nc3CCCCc3nc2C1
901,C(CCCCCCC(=O)O)CCCCCC(=O)O
902,CC1CC2C3CCC(C3(CC(=O)C2C4(C1=CC(=O)C=C4)C)C)(C(=O)CO)O
903,C1CN(CCO1)C1=NC2=CC=CC=C2S1
904,CCOC(=O)C1=NOC(C1)(C2=CC=CC=C2)C3=CC=CC=C3
905,CC(C)NCC(COC1=CC=C(C=C1)C(COC)O)O
906,CC1=C(C(CCC1)(C)C)C=CC(=CC=CC(=CC=O)C)C
907,CC12CCC3=C(C1CCC45C2CCC(C4)C(C5)(CO)O)C=CO3
908,C(=C/[C@@H](C\C=C/C=C/[C@H](C/C=C\CC)O)O)\C=C\C=C/[C@H](CCC(O)=O)O
909,CC(CC(=O)C1=CC=CC=C1N)(C(=O)O)N
910,C(CCNC(=O)N)CC(C(=O)O)N
911,C(COCCOCCOCCO)O
912,CC1(C)C2CCC(CO[C@@H]3O[C@H](CO[C@@H]4OC[C@](O)(CO)[C@H]4O)[C@@H](O)[C@H](O)[C@H]3O)C1C2
913,CCCCCCCCCCCCCCC(C(C(COP(=O)(O)[O-])[NH3+])O)O
914,CCCCCCCC(=O)NC1CCOC1=O
915,CC12CCC3C(C1CCC2OC(=O)CCC4CCCC4)CCC5=CC(=O)C=CC35C
916,c1ccc(cc1)c2ccncc2
917,CC1C\C=C\C=C/CCCCC(O)C\C=C\C(=O)O1
918,CC1(CCC2C1(CC(C3C2CCC4=CC(=O)C(=CC34C)CO)O)C)O
919,C(CCC(=O)O)CC=CCC(C=CC=CC=CC(CCCC(=O)O)O)O
920,CCCCCC=CCC=CCCCCCCCC(=O)OC
921,CCCCCCOC1=CC=C(N)C=C1
922,COC1=CC=C(C=C1)C(O)C(C)OC2OC(CO)C(O)C(O)C2O
923,C1=CC=C(C=C1)CC(C(=O)O)NC(=O)C(CO)N
924,C=C1CC(C2C(C3C1CC(C34CO4)O)OC(=O)C2=C)OC(=O)C(=C)CO
925,COc1cc(C=O)ccc1O
926,CCOC1=CC2=C(NC(C)(C)C=C2C)C=C1
927,CC(=C)[C@H]1CN[C@@H]([C@H]1CC(=O)O)C(=O)O
928,C1=CC=C(C(=C1)CC(=O)C2=CN(C3=CC=CC=C32)CCCCCO)Cl
929,CCCC(CN1C=C(C2=CC=CC=C21)C(=O)C3C(C3(C)C)(C)C)F
930,CC12CCC3C(C1CCC2OS(=O)(=O)O)CCC4=CC(=O)C=CC34C
931,CC12CCC3C(C1CCC2(C)O)CCC4=CC(=O)C=CC34C
932,CC12CCC3C(C1CCC2(C)O)CC(C4=C(C(=O)C=CC34C)Cl)O
933,CC1CC2=CC(=O)CCC2(C3C1C4CCC(C4(CC3)C)(C#C)O)O
934,CC(C(C(=O)NC(CCCN=C(N)N)C(=O)O)NC(=O)C(CC(=O)O)N)O
935,CC[N+](CC)(CC(O)=O)CC1=CC=CC=C1
936,C[N+](C)(C)C[C@H](O)CC([O-])=O
937,CCCCCCCCCC(=O)NC(CN1CCOCC1)C(C2=CC=CC=C2)O
938,C[C@@H](CC[C@H]1\C(=C/C(=O)C2C(C)(C)CCC[C@]12C)C)CC(O)=O
939,CCCCCC=CCC=CCC=CC=CC(=O)CCCC(=O)O
940,CCOC(=O)C1C2CCC(N2C)CC1O
941,C(COCCOCCOCCOCCOCCOCCOCCOCCOCCO)O
942,CCCCCCCCCCCC(=O)NCCCN(C)C
943,OCCCCCCCCCCCC(O)=O
944,CC1=CC(=O)N(C(=C1)C2CCCCC2)O
945,COc1ccc2c3c([nH]c2c1)C(C)=NCC3
946,C1CNC(CN1)C2=CC=CC=C2
947,C1C(C(C(C(O1)(CO)O)O)O)O
948,CC1(CCC2=C1CC(C3(C2CCC4=CC(=O)CCC43C)F)O)C
949,O=S(C1=CC=CC=C1)C1=CC=CC=C1
950,CC(C(=O)O)OC(C(C=O)N)C(C(CO)O)O
951,C1=CC=C2C(=C1)C3=C(N2)C(=NC=C3)CCC(=O)O
952,CCC=CCC1C(C=CC1=O)CCCCCC(=O)O
953,CN1CC(C2=CC(=O)C(=O)C=C21)O
954,CC(C)(C)C1=CC(=C(C(=C1)C(C)(C)C)N)C(C)(C)C
955,CC(=O)C1(CCC2C1(CCC3C2C=C(C4=CC(=O)CCC34C)Cl)C)OC(=O)C
956,CC1=CC(=O)N(C(=C1)C2CCCCC2)OC3C(C(C(C(O3)C(=O)O)O)O)O
957,CC(C)C1C(=O)N2CCCC2C(=O)N1
958,Cc1ccc2c(=O)c(O)c(-c3ccc(F)cc3)oc2c1
959,NCC1OC(OC2C(CO)OC(OC3C(O)C(N)CC(N)C3OC3OC(CN)C(O)C(O)C3N)C2O)C(N)C(O)C1O
960,CCCCCC(=O)NC1CCOC1=O
961,C1CC2C(C(C1O2)C(=O)O)C(=O)O
962,CCN(CC)C(=O)C1=CC(=CC=C1)C
963,COC1=CC2=C(C=CC(=O)O2)C(OC)=C1
964,CC1=C(C(=O)C(=C(C1=O)OC)OC)CC=C(C)C
965,C1CCC(CC1)C(C2=CC=CC=C2)(C(=O)O)O
966,OP(=O)(OC1=CC=CC=C1)OC1=CC=CC=C1
967,COC1=C(C=CC(=C1)C2=CC(=C(C=C2)N)OC)N
968,CCCCCCCCC=CCCCCCCCC(=O)OCC(C1C(C(CO1)O)O)O
969,CCCCCC=CCC=CC=CC=CC(C(CCCC(=O)O)O)SCC(C(=O)O)NC(=O)CCC(C(=O)O)N
970,CC1CCC(C2=C(CCC12)C)C=C(C)C(=O)O
971,CC1=NN=C(O1)C2=NN=C(C=C2)N3CCC(CC3)OC4=C(C=CC(=C4)F)Cl
972,CCCCCC(C=CC=CCC=CCCCC(=O)O)O
973,CCCCCCCC/C=C\CCCCCCCCCCCC(=O)N
974,CCC1CC2CN3CCC4(O)C5=CC(OC)=CC=C5N=C4C(C2)(C13)C(=O)OC
975,CCCCCCCCCCCCCCCC(=O)OCC(C1C(C(CO1)O)O)O
976,C1=C(C=CC(=C1)O)C[C@@H](C(=O)O)N
977,CCCCCC1=CC(=O)C=C(C1=O)OC
978,OC(=O)C1=C2C=CC=CC2=NC(=C1)C1=CC=CC=C1
979,CC1=CCCC(C1C=CC(=O)C)(C)C
980,CCCCCCCCCCCCCCCCCCOCC(COP(=O)([O-])OCC[N+](C)(C)C)O
981,CCNC(=O)C1=CC=C(C=C1)OC
982,CCCCCC(C=CC1C(CC(C1CC=CCCCC(=O)OCC(CO)O)O)O)O
983,C1=CC2=C(C=CC(=C2N=C1)O)Cl
984,CC(=O)OCC(=O)C1(CCC2C1(CC(C3C2CCC4C3(CCC(C4)O)C)O)C)O
985,CN(C)CC(CN1C2=C(C=C(C=C2)Br)C3=C1C=CC(=C3)Br)O
986,C1=NC(=C2C(=N1)N(C=N2)[C@H]3[C@@H]([C@@H]([C@H](O3)CO)O)O)N
987,CNC(=O)CCCC=CCC1C(CC(C1C=CC(COC2=CC=CC=C2)O)O)O
988,CC(=O)OCC1(CC23CCC4C5=C(CCC4(C2CCC1C3)C)OC=C5)O
989,C1=CC=C(C=C1)C(C2=CC=CC=C2)O
990,CC1=C(C#N)C(=O)N(CCO)C(=O)C1=NNc1cccc(Cl)c1C
991,COC1=C(C=CC(=C1)CC2C(COC2=O)C(C3=CC(=C(C=C3)O)OC)O)O
992,O=C(NCC1CCCN2CCCCC21)C3=NNC(=C3)C=4C=CC=C(OC)C4
993,CCCCC1=CC=C(C=C1)N
994,CN1C(=O)CN=C(C2=C1C=CC(=C2)N)C3=CC=CC=C3
995,CCC(C)C(C(=O)NC(CCCN=C(N)N)C(=O)O)N
996,CC(C(C1=CC=CC=C1)O)N(C)C
997,CC(C)(C)C(=O)C1C(=O)C2=CC=CC=C2C1=O
998,CCCCCC=CCC=CCC=CCC=CCCCCNC(=O)C1=CC=C(C=C1)O
999,CCC12CCC3C(CCC4=CC(=O)CCC34)C1C=CC2(O)C#C
1000,COC1=CC(=O)OC(C1)CCC2=CC3=C(C=C2)OCO3
1001,CCCCN(CCC(=O)OCC)C(C)=O
1002,Cn1cnc2c1c(O)nc(=O)n2C
