ID1,ID2,EdgeType,Score,Annotation
3,574,MS1 annotation,2.000,[M+H]+ [M+NH4]+ dm/z=17.0266
6,6076,MS1 annotation,2.000,[M+Na]+ [M+NH4]+ dm/z=4.9556
7,787,MS1 annotation,3.000,[2M+H]+ [M+H]+ dm/z=191.1310
7,909,MS1 annotation,3.000,[M+Na]+ [M+H]+ dm/z=21.9820
8,5058,MS1 annotation,2.000,[M-H2O+H]+ [M+NH4]+ dm/z=35.0375
9,722,MS1 annotation,3.000,[M-H2O+H]+ [M+H]+ dm/z=18.0106
9,7317,MS1 annotation,3.000,[2M+Na]+ [M+H]+ dm/z=248.1501
18,766,MS1 annotation,3.000,[M-H2O+H]+ [M+NH4]+ dm/z=35.0372
18,548,MS1 annotation,3.000,[M+H]+ [M+NH4]+ dm/z=17.0271
21,271,MS1 annotation,3.000,[M+Na]+ [M+NH4]+ dm/z=4.9558
21,435,MS1 annotation,3.000,[M+H]+ [M+NH4]+ dm/z=17.0266
27,472,MS1 annotation,5.000,[M-2H2O+H]+ [M+NH4]+ dm/z=53.0478
27,444,MS1 annotation,5.000,[M+H]+ [M+NH4]+ dm/z=17.0266
27,494,MS1 annotation,5.000,[M-H2O+NH4]+ [M+NH4]+ dm/z=18.0106
27,401,MS1 annotation,5.000,[M-H2O+H]+ [M+NH4]+ dm/z=35.0372
30,684,MS1 annotation,4.000,[M+K]+ [M+NH4]+ dm/z=20.9293
30,122,MS1 annotation,4.000,[M+Na]+ [M+NH4]+ dm/z=4.9556
30,365,MS1 annotation,4.000,[M+H]+ [M+NH4]+ dm/z=17.0266
30,3204,MS1 annotation,2.000,[M+H]+ [2M+NH4]+ dm/z=217.1318
32,239,MS1 annotation,2.000,[M+H]+ [M+NH4]+ dm/z=17.0268
34,462,MS1 annotation,2.000,[M+H]+ [M+NH4]+ dm/z=17.0266
36,2803,MS1 annotation,5.000,[M+2H]2+ [M+H]+ dm/z=226.1682
36,763,MS1 annotation,5.000,[M+Na]+ [M+H]+ dm/z=21.9819
36,10474,MS1 annotation,5.000,[M-H2O+H]+ [M+H]+ dm/z=18.0112
36,507,MS1 annotation,5.000,[M+NH4]+ [M+H]+ dm/z=17.0266
40,1972,MS1 annotation,3.000,[M+Na]+ [M+NH4]+ dm/z=4.9558
40,659,MS1 annotation,3.000,[M+H]+ [M+NH4]+ dm/z=17.0266
43,343,MS1 annotation,2.000,[M+Na]+ [M+NH4]+ dm/z=4.9554
45,78,MS1 annotation,3.000,[M+H]+ [M+NH4]+ dm/z=17.0267
45,777,MS1 annotation,3.000,[M+Na]+ [M+NH4]+ dm/z=4.9559
49,1693,MS1 annotation,3.000,[M+Na]+ [M+NH4]+ dm/z=4.9555
49,1403,MS1 annotation,3.000,[M+H]+ [M+NH4]+ dm/z=17.0266
60,3552,MS1 annotation,3.000,[M-H2O+H]+ [M+NH4]+ dm/z=35.0372
60,2301,MS1 annotation,3.000,[M+H]+ [M+NH4]+ dm/z=17.0266
71,222,MS1 annotation,2.000,[M+H]+ [M+NH4]+ dm/z=17.0265
72,1853,MS1 annotation,2.000,[M+H]+ [M+NH4]+ dm/z=17.0265
74,256,MS1 annotation,3.000,[M+NH4]+ [M+H]+ dm/z=17.0267
74,593,MS1 annotation,3.000,[M+Na]+ [M+H]+ dm/z=21.9825
76,2069,MS1 annotation,3.000,[M+Na]+ [M+NH4]+ dm/z=4.9553
76,1588,MS1 annotation,3.000,[M+H]+ [M+NH4]+ dm/z=17.0264
78,777,MS1 annotation,3.000,[M+Na]+ [M+H]+ dm/z=21.9826
79,773,MS1 annotation,2.000,[M+H]+ [M-H2O+NH4]+ dm/z=0.9840
91,9194,MS1 annotation,4.000,[M+Na]+ [M+NH4]+ dm/z=4.9555
91,5970,MS1 annotation,4.000,[M-H2O+H]+ [M+NH4]+ dm/z=35.0372
91,9551,MS1 annotation,4.000,[M+H]+ [M+NH4]+ dm/z=17.0277
98,428,MS1 annotation,2.000,[M+H]+ [M+NH4]+ dm/z=17.0267
104,1812,MS1 annotation,3.000,[M+H]+ [M+NH4]+ dm/z=17.0268
104,2554,MS1 annotation,3.000,[M+Na]+ [M+NH4]+ dm/z=4.9554
110,692,MS1 annotation,2.000,[M+H]+ [M+NH4]+ dm/z=17.0265
117,720,MS1 annotation,2.000,[M+H]+ [M+NH4]+ dm/z=17.0265
119,2628,MS1 annotation,3.000,[M+Na]+ [M+NH4]+ dm/z=4.9553
119,2081,MS1 annotation,3.000,[M+H]+ [M+NH4]+ dm/z=17.0266
122,684,MS1 annotation,4.000,[M+K]+ [M+Na]+ dm/z=15.9736
122,365,MS1 annotation,4.000,[M+H]+ [M+Na]+ dm/z=21.9823
144,455,MS1 annotation,2.000,[M+H]+ [M+NH4]+ dm/z=17.0268
151,3453,MS1 annotation,3.000,[2M+H]+ [M+NH4]+ dm/z=322.1753
151,9354,MS1 annotation,3.000,[2M+Na]+ [M+NH4]+ dm/z=344.1572
157,467,MS1 annotation,2.000,[M+H]+ [M+NH4]+ dm/z=17.0267
171,5944,MS1 annotation,3.000,[M-H2O+H]+ [M+NH4]+ dm/z=35.0371
171,6289,MS1 annotation,3.000,[M+Na]+ [M+NH4]+ dm/z=4.9554
199,652,MS1 annotation,2.000,[M+H]+ [M+NH4]+ dm/z=17.0267
210,3980,MS1 annotation,2.000,[M-H2O+H]+ [M+NH4]+ dm/z=35.0371
234,2763,MS1 annotation,4.000,[M+H]+ [M+NH4]+ dm/z=17.0265
234,715,MS1 annotation,4.000,[M+2H]2+ [M+NH4]+ dm/z=334.2151
234,3454,MS1 annotation,4.000,[M+Na]+ [M+NH4]+ dm/z=4.9554
234,715,MS1 annotation,3.000,[M+H]+ [2M+NH4]+ dm/z=334.2151
234,3454,MS1 annotation,3.000,[2M+Na]+ [2M+NH4]+ dm/z=4.9554
236,2253,MS1 annotation,2.000,[M+H]+ [M+NH4]+ dm/z=17.0266
256,593,MS1 annotation,3.000,[M+Na]+ [M+NH4]+ dm/z=4.9558
259,1970,MS1 annotation,2.000,[M+H]+ [M+NH4]+ dm/z=17.0271
271,435,MS1 annotation,3.000,[M+H]+ [M+Na]+ dm/z=21.9824
273,2208,MS1 annotation,2.000,[M+H]+ [M+NH4]+ dm/z=17.0270
277,363,MS1 annotation,2.000,[M+H]+ [M+NH4]+ dm/z=17.0264
310,559,MS1 annotation,2.000,[M+H]+ [M+NH4]+ dm/z=17.0266
345,490,MS1 annotation,2.000,[M+NH4]+ [M+H]+ dm/z=17.0267
365,684,MS1 annotation,4.000,[M+K]+ [M+H]+ dm/z=37.9559
373,704,MS1 annotation,2.000,[M+NH4]+ [M+H]+ dm/z=17.0266
374,4869,MS1 annotation,2.000,[M+H]+ [M+NH4]+ dm/z=17.0267
385,3453,MS1 annotation,3.000,[M+H]+ [M+NH4]+ dm/z=17.0265
385,9354,MS1 annotation,3.000,[M+Na]+ [M+NH4]+ dm/z=4.9554
395,961,MS1 annotation,2.000,[M+H]+ [M+NH4]+ dm/z=17.0265
401,472,MS1 annotation,5.000,[M-2H2O+H]+ [M-H2O+H]+ dm/z=18.0105
401,494,MS1 annotation,5.000,[M-H2O+NH4]+ [M-H2O+H]+ dm/z=17.0266
401,444,MS1 annotation,5.000,[M+H]+ [M-H2O+H]+ dm/z=18.0106
401,472,MS1 annotation,3.000,[M-H2O+H]+ [M+H]+ dm/z=18.0105
401,494,MS1 annotation,3.000,[M+NH4]+ [M+H]+ dm/z=17.0266
407,655,MS1 annotation,2.000,[M+H]+ [M-H2O+NH4]+ dm/z=0.9840
418,477,MS1 annotation,2.000,[M+H]+ [M+NH4]+ dm/z=17.0263
444,472,MS1 annotation,5.000,[M-2H2O+H]+ [M+H]+ dm/z=36.0211
444,494,MS1 annotation,5.000,[M-H2O+NH4]+ [M+H]+ dm/z=0.9840
472,494,MS1 annotation,5.000,[M-H2O+NH4]+ [M-2H2O+H]+ dm/z=35.0371
472,494,MS1 annotation,3.000,[M+NH4]+ [M-H2O+H]+ dm/z=35.0371
485,577,MS1 annotation,2.000,[M+H]+ [M-H2O+NH4]+ dm/z=0.9842
502,650,MS1 annotation,2.000,[M+NH4]+ [M+H]+ dm/z=17.0265
507,2803,MS1 annotation,5.000,[M+2H]2+ [M+NH4]+ dm/z=243.1948
507,763,MS1 annotation,5.000,[M+Na]+ [M+NH4]+ dm/z=4.9553
507,10474,MS1 annotation,5.000,[M-H2O+H]+ [M+NH4]+ dm/z=35.0378
516,707,MS1 annotation,2.000,[M+NH4]+ [M+H]+ dm/z=17.0266
533,719,MS1 annotation,2.000,[M+NH4]+ [M+H]+ dm/z=17.0264
545,3533,MS1 annotation,2.000,[2M+Fe-2H]+ [M-H2O+K]+ dm/z=530.3307
548,766,MS1 annotation,3.000,[M-H2O+H]+ [M+H]+ dm/z=18.0101
567,643,MS1 annotation,2.000,[M+H]+ [M+NH4]+ dm/z=17.0266
570,6260,MS1 annotation,4.000,[M+Na]+ [M+NH4]+ dm/z=4.9554
570,9419,MS1 annotation,4.000,[M+H]+ [M+NH4]+ dm/z=17.0264
570,2170,MS1 annotation,4.000,[M+2H]2+ [M+NH4]+ dm/z=378.2416
576,1877,MS1 annotation,2.000,[M+NH4]+ [M+H]+ dm/z=17.0266
583,5826,MS1 annotation,3.000,[M+H]+ [M+NH4]+ dm/z=17.0265
583,7296,MS1 annotation,3.000,[M-H2O+NH4]+ [M+NH4]+ dm/z=18.0106
583,6364,MS1 annotation,2.000,[M-H2O+NH4]+ [M+H]+ dm/z=0.9840
584,1109,MS1 annotation,2.000,[M+Na]+ [M+H]+ dm/z=21.9820
639,3169,MS1 annotation,2.000,[M+H]+ [M+NH4]+ dm/z=17.0267
642,1751,MS1 annotation,4.000,[M+Na]+ [M+NH4]+ dm/z=4.9556
642,8986,MS1 annotation,4.000,[M+K]+ [M+NH4]+ dm/z=20.9299
642,2385,MS1 annotation,4.000,[M+H]+ [M+NH4]+ dm/z=17.0269
659,1972,MS1 annotation,3.000,[M+Na]+ [M+H]+ dm/z=21.9824
662,9464,MS1 annotation,2.000,[M+H]+ [M+NH4]+ dm/z=17.0266
667,2325,MS1 annotation,2.000,[M+NH4]+ [M+H]+ dm/z=17.0265
670,905,MS1 annotation,2.000,[M+H]+ [M+NH4]+ dm/z=17.0266
680,917,MS1 annotation,2.000,[M+H]+ [M+NH4]+ dm/z=17.0266
695,9466,MS1 annotation,2.000,[M+Na]+ [M+NH4]+ dm/z=4.9556
706,2084,MS1 annotation,2.000,[M+H]+ [M+NH4]+ dm/z=17.0266
713,976,MS1 annotation,3.000,[M+NH4]+ [M+H]+ dm/z=17.0265
713,1041,MS1 annotation,3.000,[M+Na]+ [M+H]+ dm/z=21.9817
715,2763,MS1 annotation,4.000,[M+H]+ [M+2H]2+ dm/z=317.1886
715,3454,MS1 annotation,4.000,[M+Na]+ [M+2H]2+ dm/z=339.1705
715,3454,MS1 annotation,3.000,[2M+Na]+ [M+H]+ dm/z=339.1705
722,7317,MS1 annotation,3.000,[2M+Na]+ [M-H2O+H]+ dm/z=266.1607
734,1675,MS1 annotation,2.000,[M+NH4]+ [M-H2O+H]+ dm/z=35.0372
736,3639,MS1 annotation,2.000,[2M+Fe-2H]+ [M-H2O+K]+ dm/z=361.2329
763,2803,MS1 annotation,5.000,[M+2H]2+ [M+Na]+ dm/z=248.1501
763,10474,MS1 annotation,5.000,[M-H2O+H]+ [M+Na]+ dm/z=39.9931
775,1120,MS1 annotation,2.000,[M+NH4]+ [M+H]+ dm/z=17.0264
780,1016,MS1 annotation,4.000,[M+H]+ [M+NH4]+ dm/z=17.0266
780,824,MS1 annotation,4.000,[M+Na]+ [M+NH4]+ dm/z=4.9561
780,2132,MS1 annotation,4.000,[M+K]+ [M+NH4]+ dm/z=20.9304
781,3522,MS1 annotation,2.000,[M+NH4]+ [M+H]+ dm/z=17.0266
786,5972,MS1 annotation,2.000,[M+Na]+ [M+H]+ dm/z=21.9821
787,909,MS1 annotation,3.000,[M+Na]+ [2M+H]+ dm/z=169.1490
789,1088,MS1 annotation,2.000,[M+H]+ [M+NH4]+ dm/z=17.0263
792,817,MS1 annotation,3.000,[M-H2O+H]+ [M+H]+ dm/z=18.0106
792,1004,MS1 annotation,3.000,[M+NH4]+ [M+H]+ dm/z=17.0267
795,885,MS1 annotation,2.000,[M+NH4]+ [M+H]+ dm/z=17.0265
798,854,MS1 annotation,3.000,[M+NH4]+ [M+H]+ dm/z=17.0266
798,1360,MS1 annotation,3.000,[M+Na]+ [M+H]+ dm/z=21.9823
809,888,MS1 annotation,2.000,[M+NH4]+ [M-H2O+H]+ dm/z=35.0373
811,868,MS1 annotation,3.000,[M+NH4]+ [M+H]+ dm/z=17.0267
811,1255,MS1 annotation,3.000,[M+Na]+ [M+H]+ dm/z=21.9820
812,829,MS1 annotation,3.000,[M+NH4]+ [M+H]+ dm/z=17.0269
812,893,MS1 annotation,3.000,[M-H2O+H]+ [M+H]+ dm/z=18.0106
813,1743,MS1 annotation,3.000,[M+K]+ [M-H2O+Na]+ dm/z=33.9841
813,9207,MS1 annotation,3.000,[M+Na]+ [M-H2O+Na]+ dm/z=18.0106
813,948,MS1 annotation,2.000,[M+NH4]+ [M+ACN+H]+ dm/z=24.0001
813,918,MS1 annotation,2.000,[M+ACN+H]+ [M+NH4]+ dm/z=23.9999
814,7797,MS1 annotation,2.000,[M+NH4]+ [M+ACN+H]+ dm/z=24.0000
814,1119,MS1 annotation,2.000,[M+ACN+H]+ [M+NH4]+ dm/z=23.9998
816,871,MS1 annotation,2.000,[M+Na]+ [M+NH4]+ dm/z=4.9554
817,1004,MS1 annotation,3.000,[M+NH4]+ [M-H2O+H]+ dm/z=35.0373
818,7794,MS1 annotation,2.000,[M+NH4]+ [M+ACN+H]+ dm/z=24.0000
819,949,MS1 annotation,2.000,[M+ACN+H]+ [M+NH4]+ dm/z=24.0001
824,1016,MS1 annotation,4.000,[M+H]+ [M+Na]+ dm/z=21.9827
824,2132,MS1 annotation,4.000,[M+K]+ [M+Na]+ dm/z=15.9743
826,850,MS1 annotation,2.000,[M+ACN+H]+ [M+NH4]+ dm/z=23.9999
829,893,MS1 annotation,3.000,[M-H2O+H]+ [M+NH4]+ dm/z=35.0374
831,837,MS1 annotation,2.000,[M+NH4]+ [M+ACN+H]+ dm/z=24.0000
831,1165,MS1 annotation,2.000,[M+ACN+H]+ [M+NH4]+ dm/z=23.9998
833,1241,MS1 annotation,3.000,[M+NH4]+ [M+H]+ dm/z=17.0266
833,1281,MS1 annotation,3.000,[M+Na]+ [M+H]+ dm/z=21.9819
837,1119,MS1 annotation,2.000,[M+K]+ [M-H2O+Na]+ dm/z=33.9841
838,10953,MS1 annotation,2.000,[M-H2O+Na]+ [M+K]+ dm/z=33.9845
838,7823,MS1 annotation,2.000,[M+NH4]+ [M+ACN+H]+ dm/z=24.0000
842,875,MS1 annotation,2.000,[M+ACN+H]+ [M+NH4]+ dm/z=23.9999
844,1587,MS1 annotation,2.000,[M+H]+ [M+NH4]+ dm/z=17.0269
845,1006,MS1 annotation,2.000,[M+ACN+H]+ [M+NH4]+ dm/z=23.9999
851,1352,MS1 annotation,2.000,[M+K]+ [M-H2O+Na]+ dm/z=33.9843
854,1360,MS1 annotation,3.000,[M+Na]+ [M+NH4]+ dm/z=4.9558
855,4457,MS1 annotation,2.000,[M+H]+ [M+NH4]+ dm/z=17.0266
863,886,MS1 annotation,2.000,[M+ACN+H]+ [M+NH4]+ dm/z=24.0000
863,1165,MS1 annotation,2.000,[M+K]+ [M-H2O+Na]+ dm/z=33.9842
864,974,MS1 annotation,2.000,[M+H]+ [M+NH4]+ dm/z=17.0266
867,1002,MS1 annotation,2.000,[M+H]+ [M+NH4]+ dm/z=17.0270
868,1255,MS1 annotation,3.000,[M+Na]+ [M+NH4]+ dm/z=4.9553
873,1537,MS1 annotation,2.000,[M+H]+ [M+NH4]+ dm/z=17.0265
877,878,MS1 annotation,2.000,[M+NH4]+ [M+ACN+H]+ dm/z=24.0001
878,1166,MS1 annotation,2.000,[M+K]+ [M-H2O+Na]+ dm/z=33.9844
882,1458,MS1 annotation,2.000,[2M+2H]2+ [M+NH4]+ dm/z=17.0260
886,1332,MS1 annotation,2.000,[M+ACN+H]+ [M+NH4]+ dm/z=24.0000
889,1743,MS1 annotation,2.000,[M+ACN+H]+ [M+NH4]+ dm/z=23.9999
890,1085,MS1 annotation,2.000,[M+H]+ [M+NH4]+ dm/z=17.0269
899,9761,MS1 annotation,2.000,[M-H2O+Na]+ [M+K]+ dm/z=33.9843
899,6494,MS1 annotation,2.000,[M+NH4]+ [M+ACN+H]+ dm/z=24.0000
902,1007,MS1 annotation,2.000,[M+H]+ [M+NH4]+ dm/z=17.0266
903,915,MS1 annotation,2.000,[M+ACN+H]+ [M+NH4]+ dm/z=23.9999
906,1369,MS1 annotation,2.000,[M+H]+ [M+NH4]+ dm/z=17.0264
916,953,MS1 annotation,2.000,[M+NH4]+ [M+Na]+ dm/z=4.9556
920,1699,MS1 annotation,3.000,[2M+H]+ [M+Na]+ dm/z=312.1761
920,4958,MS1 annotation,3.000,[M+ACN+Na]+ [M+Na]+ dm/z=41.0264
927,1179,MS1 annotation,2.000,[M+NH4]+ [M+ACN+H]+ dm/z=23.9999
927,1143,MS1 annotation,2.000,[M+ACN+H]+ [M+NH4]+ dm/z=24.0000
932,977,MS1 annotation,2.000,[M+NH4]+ [M+H]+ dm/z=17.0266
934,8665,MS1 annotation,5.000,[M+ACN+H]+ [M+ACN+H]+ dm/z=0.0000
934,1495,MS1 annotation,5.000,[M+NH4]+ [M+ACN+H]+ dm/z=24.0000
934,8421,MS1 annotation,5.000,[M+NH4]+ [M+ACN+H]+ dm/z=24.0000
934,7798,MS1 annotation,5.000,[M+NH4]+ [M+ACN+H]+ dm/z=24.0000
939,6598,MS1 annotation,2.000,[M+NH4]+ [M+ACN+H]+ dm/z=24.0001
940,949,MS1 annotation,2.000,[M+K]+ [M-H2O+Na]+ dm/z=33.9844
940,3688,MS1 annotation,2.000,[M+K]+ [M-2H2O+Na]+ dm/z=51.9951
942,981,MS1 annotation,2.000,[M+NH4]+ [M+ACN+H]+ dm/z=23.9998
944,1274,MS1 annotation,2.000,[M+H]+ [M+NH4]+ dm/z=17.0265
959,971,MS1 annotation,2.000,[M+ACN+H]+ [M+NH4]+ dm/z=23.9999
959,1332,MS1 annotation,2.000,[M+K]+ [M-H2O+Na]+ dm/z=33.9841
963,1298,MS1 annotation,2.000,[M+Na]+ [M+NH4]+ dm/z=4.9560
969,1096,MS1 annotation,2.000,[M+H]+ [M+NH4]+ dm/z=17.0265
976,1041,MS1 annotation,3.000,[M+Na]+ [M+NH4]+ dm/z=4.9552
983,1054,MS1 annotation,2.000,[M+NH4]+ [M+H]+ dm/z=17.0266
993,1441,MS1 annotation,2.000,[M+H]+ [M+NH4]+ dm/z=17.0268
1008,1659,MS1 annotation,2.000,[M+NH4]+ [M+ACN+H]+ dm/z=24.0000
1016,2132,MS1 annotation,4.000,[M+K]+ [M+H]+ dm/z=37.9571
1020,6553,MS1 annotation,2.000,[M+ACN+H]+ [M+NH4]+ dm/z=24.0002
1024,1489,MS1 annotation,2.000,[2M+H+Na]2+ [M+HFA+NH4]+ dm/z=52.0416
1030,1316,MS1 annotation,2.000,[M+NH4]+ [M+H]+ dm/z=17.0265
1033,6558,MS1 annotation,2.000,[M+ACN+H]+ [M+NH4]+ dm/z=24.0000
1033,8404,MS1 annotation,2.000,[M+K]+ [M-2H2O+Na]+ dm/z=51.9950
1034,6813,MS1 annotation,2.000,[M+NH4]+ [M+ACN+H]+ dm/z=23.9999
1037,1194,MS1 annotation,2.000,[M+NH4]+ [M+H]+ dm/z=17.0263
1045,1717,MS1 annotation,2.000,[M+NH4]+ [M+ACN+H]+ dm/z=23.9999
1049,1249,MS1 annotation,3.000,[M-H2O+H]+ [M+NH4]+ dm/z=35.0372
1049,1106,MS1 annotation,3.000,[M+H]+ [M+NH4]+ dm/z=17.0265
1052,6532,MS1 annotation,2.000,[M+ACN+H]+ [M+NH4]+ dm/z=24.0000
1052,6473,MS1 annotation,2.000,[M+K]+ [M-H2O+Na]+ dm/z=33.9845
1059,1227,MS1 annotation,3.000,[M-H2O+H]+ [M+H]+ dm/z=18.0107
1059,2036,MS1 annotation,3.000,[M+NH4]+ [M+H]+ dm/z=17.0267
1063,1180,MS1 annotation,2.000,[M+NH4]+ [M+ACN+H]+ dm/z=24.0000
1063,6565,MS1 annotation,2.000,[M+ACN+H]+ [M+NH4]+ dm/z=24.0001
1065,6566,MS1 annotation,2.000,[M+K]+ [M-H2O+Na]+ dm/z=33.9844
1073,1125,MS1 annotation,2.000,[M+NH4]+ [M+ACN+H]+ dm/z=24.0000
1077,1296,MS1 annotation,2.000,[M+NH4]+ [M+H]+ dm/z=17.0266
1087,1549,MS1 annotation,2.000,[M+ACN+H]+ [M+NH4]+ dm/z=23.9999
1091,2413,MS1 annotation,2.000,[M-H2O+H]+ [M+NH4]+ dm/z=35.0373
1101,1237,MS1 annotation,2.000,[M+NH4]+ [M+ACN+H]+ dm/z=24.0001
1101,6569,MS1 annotation,2.000,[M+ACN+H]+ [M+NH4]+ dm/z=24.0001
1101,6570,MS1 annotation,2.000,[M+K]+ [M-H2O+Na]+ dm/z=33.9844
1102,2500,MS1 annotation,3.000,[M-H2O+H]+ [M+NH4]+ dm/z=35.0370
1102,1701,MS1 annotation,3.000,[M+H]+ [M+NH4]+ dm/z=17.0266
1106,1249,MS1 annotation,3.000,[M-H2O+H]+ [M+H]+ dm/z=18.0107
1121,1176,MS1 annotation,2.000,[M+ACN+H]+ [M+NH4]+ dm/z=23.9999
1126,1200,MS1 annotation,2.000,[M+NH4]+ [M+ACN+H]+ dm/z=24.0000
1126,10949,MS1 annotation,2.000,[M+K]+ [M-H2O+Na]+ dm/z=33.9843
1138,1238,MS1 annotation,2.000,[M+NH4]+ [M+H]+ dm/z=17.0266
1139,7859,MS1 annotation,3.000,[M-H2O+Na]+ [M+K]+ dm/z=33.9843
1139,9008,MS1 annotation,3.000,[M+K]+ [M+K]+ dm/z=0.0000
1141,2606,MS1 annotation,2.000,[M-2H2O+H]+ [M+NH4]+ dm/z=53.0483
1153,1568,MS1 annotation,2.000,[M-H2O+H]+ [M+NH4]+ dm/z=35.0377
1156,1647,MS1 annotation,3.000,[M+NH4]+ [M-H2O+H]+ dm/z=35.0368
1156,1465,MS1 annotation,3.000,[M-2H2O+H]+ [M-H2O+H]+ dm/z=18.0106
1168,8667,MS1 annotation,3.000,[M+NH4]+ [M+ACN+H]+ dm/z=24.0000
1168,6400,MS1 annotation,3.000,[M+NH4]+ [M+ACN+H]+ dm/z=24.0000
1178,1317,MS1 annotation,2.000,[M+ACN+H]+ [M+NH4]+ dm/z=24.0002
1182,7797,MS1 annotation,3.000,[M-H2O+Na]+ [M+K]+ dm/z=33.9841
1182,11596,MS1 annotation,3.000,[M+K]+ [M+K]+ dm/z=0.0000
1187,2513,MS1 annotation,3.000,[M+NH4]+ [M+H]+ dm/z=17.0267
1187,3549,MS1 annotation,3.000,[M+Na]+ [M+H]+ dm/z=21.9821
1189,5997,MS1 annotation,2.000,[M+ACN+H]+ [M+NH4]+ dm/z=24.0000
1196,3187,MS1 annotation,3.000,[M+HFA+K]+ [M+Na]+ dm/z=61.9795
1196,3378,MS1 annotation,3.000,[M+HFA+K]+ [M+Na]+ dm/z=61.9795
1196,9069,MS1 annotation,2.000,[M+ACN+H]+ [M+NH4]+ dm/z=23.9999
1205,1257,MS1 annotation,2.000,[M+NH4]+ [M+H]+ dm/z=17.0266
1208,1430,MS1 annotation,2.000,[M+NH4]+ [M+ACN+H]+ dm/z=24.0001
1208,6589,MS1 annotation,2.000,[M+K]+ [M-H2O+Na]+ dm/z=33.9843
1209,1528,MS1 annotation,2.000,[M+NH4]+ [M+H]+ dm/z=17.0266
1218,1428,MS1 annotation,3.000,[M-H2O+H]+ [M+NH4]+ dm/z=35.0372
1218,1385,MS1 annotation,3.000,[M+H]+ [M+NH4]+ dm/z=17.0266
1223,8349,MS1 annotation,2.000,[M-H2O+Na]+ [M+K]+ dm/z=33.9844
1223,9098,MS1 annotation,2.000,[M+ACN+H]+ [M+NH4]+ dm/z=23.9997
1227,2036,MS1 annotation,3.000,[M+NH4]+ [M-H2O+H]+ dm/z=35.0374
1229,1573,MS1 annotation,2.000,[M+NH4]+ [M+H]+ dm/z=17.0269
1241,1281,MS1 annotation,3.000,[M+Na]+ [M+NH4]+ dm/z=4.9554
1262,1462,MS1 annotation,3.000,[M+NH4]+ [M+ACN+H]+ dm/z=24.0000
1262,8549,MS1 annotation,3.000,[M+ACN+H]+ [M+ACN+H]+ dm/z=0.0001
1262,8549,MS1 annotation,3.000,[M-2H2O+Na]+ [M-2H2O+Na]+ dm/z=0.0001
1262,2804,MS1 annotation,3.000,[M+K]+ [M-2H2O+Na]+ dm/z=51.9950
1264,9612,MS1 annotation,2.000,[M+ACN+H]+ [M+NH4]+ dm/z=23.9998
1267,1574,MS1 annotation,2.000,[M+NH4]+ [M+H]+ dm/z=17.0268
1271,2948,MS1 annotation,2.000,[M+H]+ [M+NH4]+ dm/z=17.0266
1297,7794,MS1 annotation,2.000,[M-H2O+Na]+ [M+K]+ dm/z=33.9843
1317,1457,MS1 annotation,2.000,[M+ACN+H]+ [M+NH4]+ dm/z=24.0000
1317,1549,MS1 annotation,2.000,[M+K]+ [M-H2O+Na]+ dm/z=33.9842
1334,1497,MS1 annotation,2.000,[M+ACN+H]+ [M+NH4]+ dm/z=24.0001
1350,8472,MS1 annotation,2.000,[M+NH4]+ [M+ACN+H]+ dm/z=24.0000
1364,1627,MS1 annotation,2.000,[M+NH4]+ [M+ACN+H]+ dm/z=24.0000
1364,1622,MS1 annotation,2.000,[M+ACN+H]+ [M+NH4]+ dm/z=24.0001
1367,1566,MS1 annotation,3.000,[M+Na]+ [M+H]+ dm/z=21.9821
1367,1653,MS1 annotation,3.000,[M+NH4]+ [M+H]+ dm/z=17.0270
1385,1428,MS1 annotation,3.000,[M-H2O+H]+ [M+H]+ dm/z=18.0105
1390,9082,MS1 annotation,5.000,[M-H2O+H]+ [M+NH4]+ dm/z=35.0372
1390,2679,MS1 annotation,5.000,[M+H]+ [M+NH4]+ dm/z=17.0264
1390,9091,MS1 annotation,5.000,[M+K]+ [M+NH4]+ dm/z=20.9299
1390,11765,MS1 annotation,5.000,[M-2H2O+H]+ [M+NH4]+ dm/z=53.0478
1403,1693,MS1 annotation,3.000,[M+Na]+ [M+H]+ dm/z=21.9821
1417,1599,MS1 annotation,2.000,[M+ACN+H]+ [M+NH4]+ dm/z=23.9999
1435,2088,MS1 annotation,2.000,[M+H]+ [M+NH4]+ dm/z=17.0270
1443,2123,MS1 annotation,2.000,[M+H]+ [M+NH4]+ dm/z=17.0263
1457,2668,MS1 annotation,2.000,[M+K]+ [M-H2O+Na]+ dm/z=33.9844
1460,1725,MS1 annotation,3.000,[M+Na]+ [M+H]+ dm/z=21.9818
1460,1688,MS1 annotation,3.000,[M+NH4]+ [M+H]+ dm/z=17.0265
1462,8549,MS1 annotation,3.000,[M+ACN+H]+ [M+NH4]+ dm/z=23.9999
1463,2146,MS1 annotation,2.000,[M+NH4]+ [M+ACN+H]+ dm/z=24.0000
1465,1647,MS1 annotation,3.000,[M+NH4]+ [M-2H2O+H]+ dm/z=53.0474
1473,6528,MS1 annotation,2.000,[M+ACN+H]+ [M+NH4]+ dm/z=23.9999
1490,2169,MS1 annotation,3.000,[M+NH4]+ [M+ACN+H]+ dm/z=24.0000
1490,1595,MS1 annotation,3.000,[M+ACN+H]+ [M+ACN+H]+ dm/z=0.0000
1495,8665,MS1 annotation,5.000,[M+ACN+H]+ [M+NH4]+ dm/z=24.0000
1495,8421,MS1 annotation,5.000,[M+NH4]+ [M+NH4]+ dm/z=0.0000
1495,7798,MS1 annotation,5.000,[M+NH4]+ [M+NH4]+ dm/z=0.0000
1497,1731,MS1 annotation,2.000,[M+ACN+H]+ [M+NH4]+ dm/z=24.0000
1499,1578,MS1 annotation,2.000,[M+ACN+H]+ [M+NH4]+ dm/z=24.0000
1549,2668,MS1 annotation,2.000,[M+ACN+H]+ [M+NH4]+ dm/z=24.0002
1565,1718,MS1 annotation,3.000,[M+ACN+H]+ [M+NH4]+ dm/z=23.9999
1565,9112,MS1 annotation,3.000,[M+NH4]+ [M+NH4]+ dm/z=0.0000
1566,1653,MS1 annotation,3.000,[M+NH4]+ [M+Na]+ dm/z=4.9551
1569,8978,MS1 annotation,2.000,[M+H]+ [M+NH4]+ dm/z=17.0264
1570,1736,MS1 annotation,2.000,[M+K]+ [M-H2O+Na]+ dm/z=33.9845
1588,2069,MS1 annotation,3.000,[M+Na]+ [M+H]+ dm/z=21.9817
1594,1789,MS1 annotation,2.000,[M+H]+ [M+Na]+ dm/z=21.9820
1595,2169,MS1 annotation,3.000,[M+NH4]+ [M+ACN+H]+ dm/z=24.0000
1661,2229,MS1 annotation,2.000,[M+ACN+H]+ [M+NH4]+ dm/z=24.0001
1688,1725,MS1 annotation,3.000,[M+Na]+ [M+NH4]+ dm/z=4.9552
1691,5294,MS1 annotation,2.000,[M+NH4]+ [M+ACN+H]+ dm/z=24.0000
1699,4958,MS1 annotation,3.000,[M+ACN+Na]+ [2M+H]+ dm/z=271.1497
1699,4494,MS1 annotation,2.000,[M+Na]+ [M+H]+ dm/z=21.9819
1701,2500,MS1 annotation,3.000,[M-H2O+H]+ [M+H]+ dm/z=18.0104
1711,6610,MS1 annotation,2.000,[M+NH4]+ [M+ACN+H]+ dm/z=23.9999
1717,2337,MS1 annotation,2.000,[M+K]+ [M-H2O+Na]+ dm/z=33.9842
1718,9112,MS1 annotation,3.000,[M+NH4]+ [M+ACN+H]+ dm/z=24.0000
1721,1957,MS1 annotation,2.000,[M+ACN+H]+ [M+NH4]+ dm/z=24.0001
1737,3001,MS1 annotation,2.000,[M+H]+ [M+NH4]+ dm/z=17.0270
1743,9207,MS1 annotation,3.000,[M+Na]+ [M+K]+ dm/z=15.9734
1751,8986,MS1 annotation,4.000,[M+K]+ [M+Na]+ dm/z=15.9743
1751,2385,MS1 annotation,4.000,[M+H]+ [M+Na]+ dm/z=21.9826
1812,2554,MS1 annotation,3.000,[M+Na]+ [M+H]+ dm/z=21.9822
1815,1819,MS1 annotation,2.000,[M+H]+ [M+NH4]+ dm/z=17.0266
1844,2483,MS1 annotation,2.000,[M+H]+ [M+NH4]+ dm/z=17.0269
1874,11240,MS1 annotation,2.000,[M-H2O+Na]+ [M+K]+ dm/z=33.9843
1875,2465,MS1 annotation,2.000,[M+NH4]+ [M+H]+ dm/z=17.0266
1897,2178,MS1 annotation,3.000,[M+NH4]+ [M+ACN+H]+ dm/z=24.0000
1897,9511,MS1 annotation,3.000,[M+NH4]+ [M+ACN+H]+ dm/z=24.0000
1911,2639,MS1 annotation,2.000,[M+Na]+ [M+NH4]+ dm/z=4.9558
1919,3723,MS1 annotation,3.000,[M+H]+ [M+NH4]+ dm/z=17.0267
1919,6401,MS1 annotation,3.000,[M+HFA+NH4]+ [M+NH4]+ dm/z=46.0053
1929,9395,MS1 annotation,2.000,[M+ACN+H]+ [M+NH4]+ dm/z=23.9999
1970,11723,MS1 annotation,2.000,[M+NH4]+ [M+HFA+H]+ dm/z=28.9788
1989,2662,MS1 annotation,2.000,[M+NH4]+ [M+H]+ dm/z=17.0267
2001,4706,MS1 annotation,2.000,[M+NH4]+ [M+H]+ dm/z=17.0265
2031,2067,MS1 annotation,2.000,[M-H2O+H]+ [M+NH4]+ dm/z=35.0371
2045,2951,MS1 annotation,2.000,[M+NH4]+ [M-H2O+H]+ dm/z=35.0372
2059,2282,MS1 annotation,3.000,[M+Na]+ [M+NH4]+ dm/z=4.9557
2059,4060,MS1 annotation,3.000,[M+H]+ [M+NH4]+ dm/z=17.0268
2081,2628,MS1 annotation,3.000,[M+Na]+ [M+H]+ dm/z=21.9818
2113,6494,MS1 annotation,3.000,[M+ACN+H]+ [M+NH4]+ dm/z=24.0000
2113,6755,MS1 annotation,3.000,[M+NH4]+ [M+NH4]+ dm/z=0.0000
2122,3987,MS1 annotation,6.000,[M-H2O+H]+ [M+H]+ dm/z=18.0107
2122,2740,MS1 annotation,6.000,[M+NH4]+ [M+H]+ dm/z=17.0263
2122,9451,MS1 annotation,6.000,[M+NH4]+ [M+H]+ dm/z=17.0262
2122,3362,MS1 annotation,6.000,[M+NH4]+ [M+H]+ dm/z=17.0263
2122,3248,MS1 annotation,6.000,[M+H]+ [M+H]+ dm/z=0.0000
2122,8282,MS1 annotation,2.000,[M+NH4]+ [M-H2O+H]+ dm/z=35.0368
2128,2429,MS1 annotation,2.000,[M+NH4]+ [M+ACN+H]+ dm/z=24.0001
2152,7037,MS1 annotation,4.000,[M+Na]+ [M+H]+ dm/z=21.9819
2152,5317,MS1 annotation,4.000,[M+NH4]+ [M+H]+ dm/z=17.0266
2152,5360,MS1 annotation,4.000,[M-H2O+H]+ [M+H]+ dm/z=18.0105
2157,2903,MS1 annotation,3.000,[M-2H2O+H]+ [M+NH4]+ dm/z=53.0478
2157,3019,MS1 annotation,3.000,[M+H]+ [M+NH4]+ dm/z=17.0266
2165,2357,MS1 annotation,2.000,[M+NH4]+ [M-H2O+H]+ dm/z=35.0373
2170,6260,MS1 annotation,4.000,[M+Na]+ [M+2H]2+ dm/z=383.1970
2170,9419,MS1 annotation,4.000,[M+H]+ [M+2H]2+ dm/z=361.2152
2178,9511,MS1 annotation,3.000,[M+NH4]+ [M+NH4]+ dm/z=0.0000
2181,2954,MS1 annotation,2.000,[M-2H2O+H]+ [M+NH4]+ dm/z=53.0477
2192,7327,MS1 annotation,3.000,[M-H2O+H]+ [M+NH4]+ dm/z=35.0372
2192,5992,MS1 annotation,3.000,[M+H]+ [M+NH4]+ dm/z=17.0266
2202,3426,MS1 annotation,2.000,[M+H]+ [M+NH4]+ dm/z=17.0267
2282,4060,MS1 annotation,3.000,[M+H]+ [M+Na]+ dm/z=21.9826
2301,3552,MS1 annotation,3.000,[M-H2O+H]+ [M+H]+ dm/z=18.0106
2309,6586,MS1 annotation,2.000,[M+ACN+H]+ [M+NH4]+ dm/z=24.0000
2331,7317,MS1 annotation,2.000,[M+Na]+ [M+H]+ dm/z=21.9820
2343,2374,MS1 annotation,2.000,[M+Na]+ [M-H2O+NH4]+ dm/z=22.9657
2365,3663,MS1 annotation,2.000,[M-2H2O+H]+ [M+NH4]+ dm/z=53.0477
2369,3302,MS1 annotation,2.000,[M+ACN+H]+ [M+NH4]+ dm/z=24.0000
2385,8986,MS1 annotation,4.000,[M+K]+ [M+H]+ dm/z=37.9568
2396,3766,MS1 annotation,2.000,[M+HFA+NH4]+ [M+H]+ dm/z=63.0320
2399,5825,MS1 annotation,2.000,[M+NH4]+ [M+ACN+H]+ dm/z=24.0001
2406,2788,MS1 annotation,2.000,[M+NH4]+ [M+ACN+H]+ dm/z=23.9999
2419,2869,MS1 annotation,2.000,[M+Na]+ [M+NH4]+ dm/z=4.9552
2447,3026,MS1 annotation,3.000,[M-H2O+H]+ [M+H]+ dm/z=18.0108
2447,3030,MS1 annotation,3.000,[M+NH4]+ [M+H]+ dm/z=17.0264
2458,4073,MS1 annotation,3.000,[M+ACN+H]+ [M+NH4]+ dm/z=24.0000
2458,7673,MS1 annotation,3.000,[M+ACN+H]+ [M+NH4]+ dm/z=24.0000
2461,3409,MS1 annotation,2.000,[M-H2O+H]+ [M+NH4]+ dm/z=35.0371
2485,3183,MS1 annotation,2.000,[M+Na]+ [M-H2O+H]+ dm/z=39.9931
2497,6543,MS1 annotation,2.000,[M+H]+ [M+HFA+NH4]+ dm/z=63.0322
2502,3351,MS1 annotation,2.000,[M+H]+ [M+NH4]+ dm/z=17.0263
2511,3931,MS1 annotation,2.000,[M+NH4]+ [M-H2O+H]+ dm/z=35.0371
2513,3549,MS1 annotation,3.000,[M+Na]+ [M+NH4]+ dm/z=4.9555
2638,9561,MS1 annotation,2.000,[M+NH4]+ [M+ACN+H]+ dm/z=23.9998
2645,7786,MS1 annotation,2.000,[M+ACN+H]+ [M+NH4]+ dm/z=24.0000
2663,2724,MS1 annotation,2.000,[M+NH4]+ [M+ACN+H]+ dm/z=24.0002
2672,4951,MS1 annotation,2.000,[M+ACN+H]+ [M+NH4]+ dm/z=23.9995
2679,9082,MS1 annotation,5.000,[M-H2O+H]+ [M+H]+ dm/z=18.0108
2679,9091,MS1 annotation,5.000,[M+K]+ [M+H]+ dm/z=37.9563
2679,11765,MS1 annotation,5.000,[M-2H2O+H]+ [M+H]+ dm/z=36.0214
2695,4899,MS1 annotation,3.000,[M+NH4]+ [M+NH4]+ dm/z=0.0000
2695,5086,MS1 annotation,3.000,[M+ACN+H]+ [M+NH4]+ dm/z=24.0000
2697,3597,MS1 annotation,2.000,[M+ACN+H]+ [M+NH4]+ dm/z=24.0000
2708,3826,MS1 annotation,3.000,[M+K]+ [M-H2O+Na]+ dm/z=33.9844
2708,2962,MS1 annotation,3.000,[M-2H2O+Na]+ [M-H2O+Na]+ dm/z=18.0106
2728,3631,MS1 annotation,2.000,[M+ACN+H]+ [M+NH4]+ dm/z=24.0000
2730,10043,MS1 annotation,2.000,[M+HFA+NH4]+ [M+H]+ dm/z=63.0321
2740,3987,MS1 annotation,6.000,[M-H2O+H]+ [M+NH4]+ dm/z=35.0369
2740,9451,MS1 annotation,6.000,[M+NH4]+ [M+NH4]+ dm/z=0.0001
2740,3362,MS1 annotation,6.000,[M+NH4]+ [M+NH4]+ dm/z=0.0000
2740,3248,MS1 annotation,6.000,[M+H]+ [M+NH4]+ dm/z=17.0263
2763,3454,MS1 annotation,4.000,[M+Na]+ [M+H]+ dm/z=21.9819
2766,3181,MS1 annotation,2.000,[M+H]+ [M+NH4]+ dm/z=17.0265
2776,9522,MS1 annotation,2.000,[M+K]+ [M-H2O+Na]+ dm/z=33.9838
2802,9831,MS1 annotation,2.000,[M+K]+ [M-H2O+Na]+ dm/z=33.9844
2802,3507,MS1 annotation,2.000,[2M+Fe-2H]+ [M+HFA+Na]+ dm/z=141.0788
2803,10474,MS1 annotation,5.000,[M-H2O+H]+ [M+2H]2+ dm/z=208.1570
2804,8549,MS1 annotation,3.000,[M-2H2O+Na]+ [M+K]+ dm/z=51.9951
2812,3685,MS1 annotation,2.000,[M+K]+ [M+ACN+Na]+ dm/z=25.0527
2816,5720,MS1 annotation,3.000,[M-2H2O+H]+ [M+NH4]+ dm/z=53.0478
2816,5496,MS1 annotation,3.000,[M-H2O+H]+ [M+NH4]+ dm/z=35.0371
2820,4592,MS1 annotation,3.000,[M+ACN+H]+ [M+NH4]+ dm/z=23.9997
2820,4026,MS1 annotation,3.000,[M-2H2O+H]+ [M+NH4]+ dm/z=53.0479
2820,10800,MS1 annotation,2.000,[M+K]+ [M-2H2O+Na]+ dm/z=51.9946
2863,3255,MS1 annotation,2.000,[M+NH4]+ [M+H]+ dm/z=17.0262
2874,7543,MS1 annotation,3.000,[M-H2O+H]+ [M+NH4]+ dm/z=35.0370
2874,4049,MS1 annotation,3.000,[M+H]+ [M+NH4]+ dm/z=17.0264
2879,6006,MS1 annotation,4.000,[M-2H2O+H]+ [M+NH4]+ dm/z=53.0478
2879,5673,MS1 annotation,4.000,[M-2H2O+H]+ [M+NH4]+ dm/z=53.0480
2879,7339,MS1 annotation,4.000,[M-H2O+H]+ [M+NH4]+ dm/z=35.0372
2899,10514,MS1 annotation,2.000,[M+2H]2+ [M+NH4]+ dm/z=510.3206
2899,10514,MS1 annotation,2.000,[M+H]+ [2M+NH4]+ dm/z=510.3206
2903,3019,MS1 annotation,3.000,[M+H]+ [M-2H2O+H]+ dm/z=36.0212
2926,2964,MS1 annotation,2.000,[M+NH4]+ [M+H]+ dm/z=17.0266
2937,2958,MS1 annotation,2.000,[M+NH4]+ [M+H]+ dm/z=17.0265
2940,4451,MS1 annotation,3.000,[M-H2O+H]+ [M+NH4]+ dm/z=35.0367
2940,4715,MS1 annotation,3.000,[M+Na]+ [M+NH4]+ dm/z=4.9561
2954,9752,MS1 annotation,2.000,[M+NH4]+ [M-H2O+H]+ dm/z=35.0372
2962,3826,MS1 annotation,3.000,[M+K]+ [M-2H2O+Na]+ dm/z=51.9950
2965,4125,MS1 annotation,2.000,[M+H]+ [M+NH4]+ dm/z=17.0266
2970,9395,MS1 annotation,2.000,[M-2H2O+Na]+ [M+K]+ dm/z=51.9951
2970,3706,MS1 annotation,2.000,[M+ACN+H]+ [M+NH4]+ dm/z=23.9999
2973,6048,MS1 annotation,2.000,[M+ACN+H]+ [M+NH4]+ dm/z=24.0004
2974,5575,MS1 annotation,4.000,[M-2H2O+H]+ [M+NH4]+ dm/z=53.0479
2974,5525,MS1 annotation,4.000,[M-2H2O+H]+ [M+NH4]+ dm/z=53.0479
2974,7710,MS1 annotation,4.000,[M-H2O+H]+ [M+NH4]+ dm/z=35.0373
2978,10649,MS1 annotation,4.000,[M+NH4]+ [M-2H2O+H]+ dm/z=53.0478
2978,3146,MS1 annotation,4.000,[M-H2O+H]+ [M-2H2O+H]+ dm/z=18.0106
2978,3222,MS1 annotation,4.000,[M-2H2O+H]+ [M-2H2O+H]+ dm/z=0.0000
2982,3257,MS1 annotation,5.000,[M+NH4]+ [M+H]+ dm/z=17.0263
2982,4161,MS1 annotation,5.000,[M-H2O+H]+ [M+H]+ dm/z=18.0107
2982,7991,MS1 annotation,5.000,[M+NH4]+ [M+H]+ dm/z=17.0264
2982,10089,MS1 annotation,5.000,[M-H2O+H]+ [M+H]+ dm/z=18.0107
2982,4929,MS1 annotation,4.000,[M+ACN+H]+ [M-H2O+H]+ dm/z=59.0370
2982,3464,MS1 annotation,4.000,[M+NH4]+ [M-H2O+H]+ dm/z=35.0369
2982,4161,MS1 annotation,4.000,[M-2H2O+H]+ [M-H2O+H]+ dm/z=18.0107
2982,4125,MS1 annotation,2.000,[M-2H2O+Na]+ [M+K]+ dm/z=51.9950
2986,3298,MS1 annotation,3.000,[M+NH4]+ [M+NH4]+ dm/z=0.0005
2986,3419,MS1 annotation,3.000,[M+ACN+H]+ [M+NH4]+ dm/z=23.9996
2988,10573,MS1 annotation,3.000,[M-H2O+Na]+ [M+K]+ dm/z=33.9843
2988,9814,MS1 annotation,3.000,[M-H2O+Na]+ [M+K]+ dm/z=33.9843
2991,3318,MS1 annotation,2.000,[M-H2O+H]+ [M+NH4]+ dm/z=35.0371
3003,5194,MS1 annotation,2.000,[M+ACN+H]+ [M+NH4]+ dm/z=24.0000
3010,4204,MS1 annotation,2.000,[M+ACN+H]+ [M+NH4]+ dm/z=24.0000
3023,5370,MS1 annotation,4.000,[M-H2O+H]+ [M+NH4]+ dm/z=35.0370
3023,4093,MS1 annotation,4.000,[M-H2O+H]+ [M+NH4]+ dm/z=35.0371
3023,8389,MS1 annotation,4.000,[M-2H2O+H]+ [M+NH4]+ dm/z=53.0477
3026,3030,MS1 annotation,3.000,[M+NH4]+ [M-H2O+H]+ dm/z=35.0371
3038,7833,MS1 annotation,2.000,[M-H2O+Na]+ [M+K]+ dm/z=33.9844
3039,3628,MS1 annotation,3.000,[M+NH4]+ [M+H]+ dm/z=17.0267
3039,9102,MS1 annotation,3.000,[M-H2O+H]+ [M+H]+ dm/z=18.0105
3042,12123,MS1 annotation,2.000,[M-2H2O+H]+ [M+NH4]+ dm/z=53.0478
3061,5170,MS1 annotation,2.000,[M-2H2O+H]+ [M+NH4]+ dm/z=53.0477
3063,4769,MS1 annotation,2.000,[M+ACN+H]+ [M+NH4]+ dm/z=24.0001
3071,5774,MS1 annotation,2.000,[M+Na]+ [M-H2O+NH4]+ dm/z=22.9657
3083,3517,MS1 annotation,2.000,[M+H]+ [M+NH4]+ dm/z=17.0265
3100,4204,MS1 annotation,2.000,[M+K]+ [M-2H2O+Na]+ dm/z=51.9949
3109,10941,MS1 annotation,2.000,[M+ACN+H]+ [M+NH4]+ dm/z=24.0004
3121,9734,MS1 annotation,2.000,[M+K]+ [M-H2O+Na]+ dm/z=33.9845
3143,8641,MS1 annotation,2.000,[M-H2O+Na]+ [M+K]+ dm/z=33.9844
3146,10649,MS1 annotation,4.000,[M+NH4]+ [M-H2O+H]+ dm/z=35.0372
3146,3222,MS1 annotation,4.000,[M-2H2O+H]+ [M-H2O+H]+ dm/z=18.0106
3151,6801,MS1 annotation,5.000,[M+NH4]+ [M+NH4]+ dm/z=0.0000
3151,9719,MS1 annotation,5.000,[M+ACN+H]+ [M+NH4]+ dm/z=24.0001
3151,8788,MS1 annotation,5.000,[M+ACN+H]+ [M+NH4]+ dm/z=23.9999
3151,3630,MS1 annotation,5.000,[M-H2O+H]+ [M+NH4]+ dm/z=35.0369
3151,8092,MS1 annotation,3.000,[M+K]+ [M-H2O+Na]+ dm/z=33.9840
3151,8783,MS1 annotation,3.000,[M-2H2O+Na]+ [M-H2O+Na]+ dm/z=18.0106
3154,10131,MS1 annotation,2.000,[M+ACN+H]+ [M+NH4]+ dm/z=24.0000
3158,3339,MS1 annotation,2.000,[M+NH4]+ [M+H]+ dm/z=17.0263
3163,4241,MS1 annotation,3.000,[M-H2O+H]+ [M+NH4]+ dm/z=35.0372
3163,7689,MS1 annotation,3.000,[M-2H2O+H]+ [M+NH4]+ dm/z=53.0478
3179,4664,MS1 annotation,2.000,[M+ACN+H]+ [M+NH4]+ dm/z=23.9999
3187,3378,MS1 annotation,3.000,[M+HFA+K]+ [M+HFA+K]+ dm/z=0.0000
3187,3514,MS1 annotation,2.000,[M+NH4]+ [M+ACN+H]+ dm/z=24.0002
3192,7261,MS1 annotation,2.000,[M+ACN+H]+ [M+NH4]+ dm/z=24.0000
3203,9089,MS1 annotation,2.000,[M-H2O+H]+ [M+NH4]+ dm/z=35.0372
3216,10618,MS1 annotation,2.000,[M+K]+ [M-2H2O+Na]+ dm/z=51.9950
3221,3543,MS1 annotation,3.000,[M-H2O+H]+ [M+NH4]+ dm/z=35.0372
3221,9607,MS1 annotation,3.000,[M+H]+ [M+NH4]+ dm/z=17.0268
3222,10649,MS1 annotation,4.000,[M+NH4]+ [M-2H2O+H]+ dm/z=53.0478
3225,4308,MS1 annotation,2.000,[M-H2O+H]+ [M+NH4]+ dm/z=35.0370
3227,3400,MS1 annotation,2.000,[M+ACN+H]+ [M+NH4]+ dm/z=23.9997
3238,5627,MS1 annotation,2.000,[M+ACN+H]+ [M+NH4]+ dm/z=23.9998
3248,3987,MS1 annotation,6.000,[M-H2O+H]+ [M+H]+ dm/z=18.0106
3248,9451,MS1 annotation,6.000,[M+NH4]+ [M+H]+ dm/z=17.0262
3248,3362,MS1 annotation,6.000,[M+NH4]+ [M+H]+ dm/z=17.0263
3251,5838,MS1 annotation,2.000,[M+H]+ [M+NH4]+ dm/z=17.0266
3257,4161,MS1 annotation,5.000,[M-H2O+H]+ [M+NH4]+ dm/z=35.0371
3257,7991,MS1 annotation,5.000,[M+NH4]+ [M+NH4]+ dm/z=0.0000
3257,10089,MS1 annotation,5.000,[M-H2O+H]+ [M+NH4]+ dm/z=35.0370
3257,5933,MS1 annotation,2.000,[M+K]+ [M-2H2O+Na]+ dm/z=51.9946
3270,4273,MS1 annotation,2.000,[M+ACN+H]+ [M+NH4]+ dm/z=24.0000
3271,7754,MS1 annotation,2.000,[M-2H2O+H]+ [M+NH4]+ dm/z=53.0477
3285,3807,MS1 annotation,2.000,[M+NH4]+ [M+ACN+H]+ dm/z=24.0002
3288,4747,MS1 annotation,2.000,[M+K]+ [M-2H2O+Na]+ dm/z=51.9944
3296,4631,MS1 annotation,2.000,[M+NH4]+ [M+ACN+H]+ dm/z=24.0000
3298,3419,MS1 annotation,3.000,[M+ACN+H]+ [M+NH4]+ dm/z=24.0001
3341,10717,MS1 annotation,2.000,[2M+Na]+ [M+H]+ dm/z=416.1452
3355,5086,MS1 annotation,2.000,[M-2H2O+H]+ [M+NH4]+ dm/z=53.0477
3359,3685,MS1 annotation,2.000,[M+ACN+H]+ [M+NH4]+ dm/z=24.0000
3362,3987,MS1 annotation,6.000,[M-H2O+H]+ [M+NH4]+ dm/z=35.0369
3362,9451,MS1 annotation,6.000,[M+NH4]+ [M+NH4]+ dm/z=0.0001
3362,8584,MS1 annotation,2.000,[M+H]+ [M+HFA+NH4]+ dm/z=63.0320
3366,3467,MS1 annotation,2.000,[M+H]+ [M+NH4]+ dm/z=17.0265
3380,4819,MS1 annotation,2.000,[M+H]+ [M+NH4]+ dm/z=17.0266
3406,4051,MS1 annotation,2.000,[M+H]+ [M+NH4]+ dm/z=17.0266
3410,3527,MS1 annotation,2.000,[M-H2O+H]+ [M+NH4]+ dm/z=35.0371
3417,4465,MS1 annotation,2.000,[M+H]+ [M+NH4]+ dm/z=17.0265
3443,4462,MS1 annotation,2.000,[M+ACN+H]+ [M+NH4]+ dm/z=24.0000
3443,4304,MS1 annotation,2.000,[M+K]+ [M-2H2O+Na]+ dm/z=51.9950
3447,7369,MS1 annotation,2.000,[M+NH4]+ [M+ACN+H]+ dm/z=23.9999
3453,9354,MS1 annotation,3.000,[M+Na]+ [M+H]+ dm/z=21.9819
3453,9354,MS1 annotation,3.000,[2M+Na]+ [2M+H]+ dm/z=21.9819
3464,4929,MS1 annotation,4.000,[M+ACN+H]+ [M+NH4]+ dm/z=24.0001
3464,4161,MS1 annotation,4.000,[M-2H2O+H]+ [M+NH4]+ dm/z=53.0476
3464,5090,MS1 annotation,2.000,[M+H]+ [M+HFA+NH4]+ dm/z=63.0320
3465,8196,MS1 annotation,2.000,[M+NH4]+ [M+H]+ dm/z=17.0266
3467,3588,MS1 annotation,3.000,[M-H2O+H]+ [M-H2O+H]+ dm/z=0.0000
3467,5530,MS1 annotation,3.000,[M+NH4]+ [M-H2O+H]+ dm/z=35.0369
3469,4115,MS1 annotation,2.000,[M+ACN+H]+ [M+NH4]+ dm/z=23.9999
3473,6017,MS1 annotation,2.000,[M+K]+ [M-2H2O+Na]+ dm/z=51.9946
3484,5314,MS1 annotation,2.000,[M-2H2O+H]+ [M+NH4]+ dm/z=53.0473
3493,7833,MS1 annotation,2.000,[M+NH4]+ [M+ACN+H]+ dm/z=23.9999
3493,5683,MS1 annotation,2.000,[M+NH4]+ [M+H]+ dm/z=17.0264
3504,4261,MS1 annotation,2.000,[M+H]+ [M+NH4]+ dm/z=17.0262
3508,7379,MS1 annotation,2.000,[M+H]+ [M+NH4]+ dm/z=17.0264
3534,4631,MS1 annotation,2.000,[M+H]+ [M+NH4]+ dm/z=17.0269
3536,5508,MS1 annotation,3.000,[M-2H2O+H]+ [M+NH4]+ dm/z=53.0478
3536,7295,MS1 annotation,3.000,[M-H2O+H]+ [M+NH4]+ dm/z=35.0372
3542,5242,MS1 annotation,2.000,[M+Na]+ [M-H2O+H]+ dm/z=39.9942
3542,5242,MS1 annotation,2.000,[M+Na]+ [2M-2H2O+2H]2+ dm/z=39.9942
3543,9607,MS1 annotation,3.000,[M+H]+ [M-H2O+H]+ dm/z=18.0103
3545,5980,MS1 annotation,2.000,[M+ACN+H]+ [M+NH4]+ dm/z=24.0006
3550,8008,MS1 annotation,2.000,[M+ACN+H]+ [M+NH4]+ dm/z=24.0000
3565,5382,MS1 annotation,2.000,[M+ACN+H]+ [M+NH4]+ dm/z=23.9992
3566,4114,MS1 annotation,2.000,[M+H]+ [M+NH4]+ dm/z=17.0266
3588,5530,MS1 annotation,3.000,[M+NH4]+ [M-H2O+H]+ dm/z=35.0369
3592,9721,MS1 annotation,2.000,[M+NH4]+ [M-H2O+H]+ dm/z=35.0371
3613,5572,MS1 annotation,2.000,[M+H]+ [M+NH4]+ dm/z=17.0266
3620,9048,MS1 annotation,2.000,[M+H]+ [M+HFA+NH4]+ dm/z=63.0318
3625,5505,MS1 annotation,2.000,[M+NH4]+ [M-H2O+H]+ dm/z=35.0370
3628,9102,MS1 annotation,3.000,[M-H2O+H]+ [M+NH4]+ dm/z=35.0372
3630,6801,MS1 annotation,5.000,[M+NH4]+ [M-H2O+H]+ dm/z=35.0369
3630,9719,MS1 annotation,5.000,[M+ACN+H]+ [M-H2O+H]+ dm/z=59.0370
3630,8788,MS1 annotation,5.000,[M+ACN+H]+ [M-H2O+H]+ dm/z=59.0369
3634,4937,MS1 annotation,2.000,[M+ACN+H]+ [M+NH4]+ dm/z=23.9995
3640,5354,MS1 annotation,4.000,[M-2H2O+Na]+ [M-2H2O+Na]+ dm/z=0.0001
3640,10799,MS1 annotation,4.000,[M+K]+ [M-2H2O+Na]+ dm/z=51.9949
3640,6621,MS1 annotation,4.000,[M+K]+ [M-2H2O+Na]+ dm/z=51.9948
3665,7712,MS1 annotation,2.000,[M+H]+ [M+HFA+NH4]+ dm/z=63.0322
3665,8301,MS1 annotation,2.000,[M-H2O+H]+ [M+NH4]+ dm/z=35.0370
3670,9380,MS1 annotation,2.000,[M+H]+ [M+NH4]+ dm/z=17.0264
3693,10466,MS1 annotation,2.000,[M+ACN+H]+ [M+NH4]+ dm/z=23.9998
3693,9669,MS1 annotation,2.000,[M+K]+ [M-2H2O+Na]+ dm/z=51.9943
3702,5683,MS1 annotation,2.000,[M-H2O+NH4]+ [M+H]+ dm/z=0.9842
3702,4218,MS1 annotation,2.000,[M+ACN+H]+ [M+NH4]+ dm/z=24.0001
3703,7521,MS1 annotation,3.000,[M-H2O+H]+ [M+NH4]+ dm/z=35.0370
3703,4188,MS1 annotation,3.000,[M+ACN+H]+ [M+NH4]+ dm/z=23.9997
3703,7946,MS1 annotation,2.000,[M+K]+ [M-2H2O+Na]+ dm/z=51.9943
3716,6930,MS1 annotation,2.000,[M+NH4]+ [M+ACN+H]+ dm/z=24.0001
3723,6401,MS1 annotation,3.000,[M+HFA+NH4]+ [M+H]+ dm/z=63.0320
3728,4258,MS1 annotation,2.000,[M+ACN+H]+ [M+NH4]+ dm/z=23.9998
3728,5026,MS1 annotation,2.000,[M+K]+ [M-2H2O+Na]+ dm/z=51.9942
3769,11963,MS1 annotation,2.000,[M+ACN+H]+ [M+NH4]+ dm/z=23.9996
3786,4207,MS1 annotation,2.000,[M+NH4]+ [M+H]+ dm/z=17.0264
3793,4283,MS1 annotation,2.000,[M+H]+ [M+NH4]+ dm/z=17.0265
3795,4552,MS1 annotation,3.000,[M+NH4]+ [M-H2O+H]+ dm/z=35.0372
3795,4798,MS1 annotation,3.000,[M+H]+ [M-H2O+H]+ dm/z=18.0106
3802,10861,MS1 annotation,2.000,[M+ACN+H]+ [M+NH4]+ dm/z=23.9994
3827,9690,MS1 annotation,3.000,[M+NH4]+ [M+ACN+H]+ dm/z=23.9996
3827,8493,MS1 annotation,3.000,[M+ACN+H]+ [M+ACN+H]+ dm/z=0.0001
3848,4947,MS1 annotation,3.000,[M+ACN+H]+ [M+H]+ dm/z=41.0258
3848,9335,MS1 annotation,3.000,[M+NH4]+ [M+H]+ dm/z=17.0263
3868,5783,MS1 annotation,2.000,[M+K]+ [M-2H2O+Na]+ dm/z=51.9950
3872,7937,MS1 annotation,2.000,[M+ACN+H]+ [M+NH4]+ dm/z=23.9999
3873,7100,MS1 annotation,2.000,[M+H]+ [M+NH4]+ dm/z=17.0266
3877,5193,MS1 annotation,2.000,[M+NH4]+ [M+ACN+H]+ dm/z=24.0001
3898,4661,MS1 annotation,4.000,[M-H2O+H]+ [M+H]+ dm/z=18.0107
3898,6795,MS1 annotation,4.000,[M+NH4]+ [M+H]+ dm/z=17.0263
3898,6793,MS1 annotation,4.000,[M+NH4]+ [M+H]+ dm/z=17.0264
3926,4878,MS1 annotation,2.000,[M+ACN+H]+ [M+NH4]+ dm/z=24.0000
3930,7931,MS1 annotation,2.000,[M+ACN+H]+ [M+NH4]+ dm/z=24.0001
3930,11415,MS1 annotation,2.000,[M+K]+ [M-2H2O+Na]+ dm/z=51.9948
3937,10620,MS1 annotation,2.000,[M+NH4]+ [M+ACN+H]+ dm/z=24.0000
3945,4124,MS1 annotation,2.000,[M+ACN+H]+ [M+NH4]+ dm/z=24.0003
3948,3984,MS1 annotation,5.000,[M+NH4]+ [M+H]+ dm/z=17.0264
3948,9406,MS1 annotation,5.000,[M+HFA+H]+ [M+H]+ dm/z=46.0060
3948,9384,MS1 annotation,5.000,[M+NH4]+ [M+H]+ dm/z=17.0264
3948,3974,MS1 annotation,5.000,[M+HFA+H]+ [M+H]+ dm/z=46.0060
3967,4213,MS1 annotation,3.000,[M+HFA+NH4]+ [M+H]+ dm/z=63.0319
3967,4089,MS1 annotation,3.000,[M+NH4]+ [M+H]+ dm/z=17.0263
3967,7242,MS1 annotation,2.000,[M-2H2O+Na]+ [M+K]+ dm/z=51.9950
3974,3984,MS1 annotation,5.000,[M+NH4]+ [M+HFA+H]+ dm/z=28.9796
3974,9406,MS1 annotation,5.000,[M+HFA+H]+ [M+HFA+H]+ dm/z=0.0000
3974,9384,MS1 annotation,5.000,[M+NH4]+ [M+HFA+H]+ dm/z=28.9796
3974,8224,MS1 annotation,2.000,[M-H2O+NH4]+ [M+H]+ dm/z=0.9847
3974,5689,MS1 annotation,2.000,[M+Na]+ [2M+HFA+2H]2+ dm/z=1.0215
3974,8224,MS1 annotation,2.000,[M-H2O+NH4]+ [2M+2H]2+ dm/z=0.9847
3978,9916,MS1 annotation,2.000,[M-H2O+H]+ [M+NH4]+ dm/z=35.0370
3981,4321,MS1 annotation,2.000,[M+NH4]+ [M+H]+ dm/z=17.0269
3984,9406,MS1 annotation,5.000,[M+HFA+H]+ [M+NH4]+ dm/z=28.9796
3984,9384,MS1 annotation,5.000,[M+NH4]+ [M+NH4]+ dm/z=0.0000
3987,9451,MS1 annotation,6.000,[M+NH4]+ [M-H2O+H]+ dm/z=35.0369
3987,7573,MS1 annotation,2.000,[M+NH4]+ [M+ACN+H]+ dm/z=24.0000
4026,4592,MS1 annotation,3.000,[M+ACN+H]+ [M-2H2O+H]+ dm/z=77.0475
4030,10734,MS1 annotation,2.000,[M-H2O+H]+ [M+NH4]+ dm/z=35.0369
4031,5760,MS1 annotation,2.000,[M-2H2O+Na]+ [M+K]+ dm/z=51.9952
4036,4312,MS1 annotation,2.000,[M+NH4]+ [M+H]+ dm/z=17.0273
4043,4308,MS1 annotation,2.000,[M+H]+ [M+HFA+NH4]+ dm/z=63.0319
4043,4287,MS1 annotation,2.000,[M-H2O+H]+ [M+NH4]+ dm/z=35.0369
4044,8775,MS1 annotation,3.000,[M-H2O+H]+ [M+H]+ dm/z=18.0106
4044,5240,MS1 annotation,3.000,[M+NH4]+ [M+H]+ dm/z=17.0266
4049,7543,MS1 annotation,3.000,[M-H2O+H]+ [M+H]+ dm/z=18.0106
4049,4067,MS1 annotation,2.000,[M+NH4]+ [M+ACN+H]+ dm/z=24.0001
4056,6017,MS1 annotation,2.000,[M+ACN+H]+ [M+NH4]+ dm/z=23.9999
4059,4849,MS1 annotation,2.000,[M+ACN+H]+ [M+NH4]+ dm/z=23.9995
4067,4170,MS1 annotation,2.000,[M+K]+ [M-2H2O+Na]+ dm/z=51.9952
4070,5207,MS1 annotation,3.000,[M+H]+ [M+HFA+NH4]+ dm/z=63.0319
4070,4086,MS1 annotation,3.000,[M+HFA+NH4]+ [M+HFA+NH4]+ dm/z=0.0000
4073,7673,MS1 annotation,3.000,[M+ACN+H]+ [M+ACN+H]+ dm/z=0.0000
4086,5207,MS1 annotation,3.000,[M+H]+ [M+HFA+NH4]+ dm/z=63.0319
4087,5312,MS1 annotation,2.000,[M+K]+ [M-2H2O+Na]+ dm/z=51.9946
4089,4213,MS1 annotation,3.000,[M+HFA+NH4]+ [M+NH4]+ dm/z=46.0057
4093,5370,MS1 annotation,4.000,[M-H2O+H]+ [M-H2O+H]+ dm/z=0.0001
4093,8389,MS1 annotation,4.000,[M-2H2O+H]+ [M-H2O+H]+ dm/z=18.0106
4096,9048,MS1 annotation,3.000,[M-H2O+H]+ [M+H]+ dm/z=18.0107
4096,6651,MS1 annotation,3.000,[M+NH4]+ [M+H]+ dm/z=17.0262
4096,11672,MS1 annotation,2.000,[M+NH4]+ [M-H2O+H]+ dm/z=35.0369
4102,8683,MS1 annotation,3.000,[M-H2O+H]+ [M+NH4]+ dm/z=35.0372
4102,5994,MS1 annotation,3.000,[M+H]+ [M+NH4]+ dm/z=17.0265
4113,8739,MS1 annotation,4.000,[M+H]+ [M+NH4]+ dm/z=17.0266
4113,6489,MS1 annotation,4.000,[M-2H2O+H]+ [M+NH4]+ dm/z=53.0477
4113,10121,MS1 annotation,4.000,[M-H2O+H]+ [M+NH4]+ dm/z=35.0371
4119,8376,MS1 annotation,3.000,[M+ACN+H]+ [M+NH4]+ dm/z=23.9999
4119,4253,MS1 annotation,3.000,[M+H]+ [M+NH4]+ dm/z=17.0259
4124,7859,MS1 annotation,2.000,[M-2H2O+Na]+ [M+K]+ dm/z=51.9953
4125,4161,MS1 annotation,3.000,[M+K]+ [M-H2O+Na]+ dm/z=33.9843
4125,5325,MS1 annotation,3.000,[M-2H2O+Na]+ [M-H2O+Na]+ dm/z=18.0107
4125,5090,MS1 annotation,2.000,[M+ACN+H]+ [M+NH4]+ dm/z=24.0000
4128,8242,MS1 annotation,2.000,[M+H]+ [M+NH4]+ dm/z=17.0260
4161,7991,MS1 annotation,5.000,[M+NH4]+ [M-H2O+H]+ dm/z=35.0371
4161,10089,MS1 annotation,5.000,[M-H2O+H]+ [M-H2O+H]+ dm/z=0.0000
4161,4929,MS1 annotation,4.000,[M+ACN+H]+ [M-2H2O+H]+ dm/z=77.0477
4161,5325,MS1 annotation,3.000,[M-2H2O+Na]+ [M+K]+ dm/z=51.9950
4161,6631,MS1 annotation,2.000,[M+NH4]+ [M+ACN+H]+ dm/z=24.0001
4170,6608,MS1 annotation,2.000,[M+NH4]+ [M+H]+ dm/z=17.0261
4174,11670,MS1 annotation,2.000,[M-2H2O+Na]+ [M+K]+ dm/z=51.9949
4188,7521,MS1 annotation,3.000,[M-H2O+H]+ [M+ACN+H]+ dm/z=59.0367
4188,8240,MS1 annotation,2.000,[M+H]+ [M+NH4]+ dm/z=17.0261
4196,5390,MS1 annotation,2.000,[M+NH4]+ [M+H]+ dm/z=17.0261
4205,8092,MS1 annotation,2.000,[M+ACN+H]+ [M+NH4]+ dm/z=24.0000
4213,4622,MS1 annotation,3.000,[M-H2O+H]+ [M+NH4]+ dm/z=35.0369
4213,5026,MS1 annotation,3.000,[M+ACN+H]+ [M+NH4]+ dm/z=23.9993
4225,7927,MS1 annotation,2.000,[M+ACN+H]+ [M+NH4]+ dm/z=23.9999
4225,10601,MS1 annotation,2.000,[M+K]+ [M-2H2O+Na]+ dm/z=51.9946
4239,8267,MS1 annotation,2.000,[M+ACN+H]+ [M+NH4]+ dm/z=23.9993
4241,7689,MS1 annotation,3.000,[M-2H2O+H]+ [M-H2O+H]+ dm/z=18.0106
4245,5436,MS1 annotation,2.000,[M-H2O+NH4]+ [M+H]+ dm/z=0.9840
4245,10536,MS1 annotation,2.000,[M+NH4]+ [M-H2O+H]+ dm/z=35.0368
4245,9682,MS1 annotation,2.000,[2M+Fe-2H]+ [M+HFA+Na]+ dm/z=201.0639
4252,4526,MS1 annotation,2.000,[M+H]+ [M-H2O+NH4]+ dm/z=0.9840
4253,8376,MS1 annotation,3.000,[M+ACN+H]+ [M+H]+ dm/z=41.0258
4257,10076,MS1 annotation,2.000,[M+H]+ [M+NH4]+ dm/z=17.0263
4268,4830,MS1 annotation,4.000,[M-H2O+NH4]+ [M+H]+ dm/z=0.9840
4268,9923,MS1 annotation,4.000,[M+H]+ [M+H]+ dm/z=0.0000
4268,5347,MS1 annotation,4.000,[M-2H2O+NH4]+ [M+H]+ dm/z=18.9946
4270,4843,MS1 annotation,2.000,[M-H2O+H]+ [M+NH4]+ dm/z=35.0369
4281,4526,MS1 annotation,2.000,[M+NH4]+ [M+ACN+H]+ dm/z=24.0001
4284,8032,MS1 annotation,2.000,[2M+2H]2+ [M-H2O+NH4]+ dm/z=0.9849
4287,5000,MS1 annotation,2.000,[M+NH4]+ [M+H]+ dm/z=17.0260
4300,5044,MS1 annotation,2.000,[M+NH4]+ [M+ACN+H]+ dm/z=23.9999
4304,4738,MS1 annotation,2.000,[M+NH4]+ [M-H2O+H]+ dm/z=35.0369
4306,5119,MS1 annotation,2.000,[M+ACN+NH4]+ [M+H]+ dm/z=58.0531
4310,5892,MS1 annotation,2.000,[M+H]+ [M+NH4]+ dm/z=17.0265
4332,4831,MS1 annotation,2.000,[M+NH4]+ [M+H]+ dm/z=17.0266
4348,4653,MS1 annotation,2.000,[M+H]+ [M-H2O+NH4]+ dm/z=0.9841
4351,5160,MS1 annotation,2.000,[M-H2O+H]+ [M+NH4]+ dm/z=35.0371
4357,4479,MS1 annotation,2.000,[M+H]+ [M+NH4]+ dm/z=17.0273
4358,4535,MS1 annotation,2.000,[M+NH4]+ [M+H]+ dm/z=17.0263
4359,4402,MS1 annotation,2.000,[M+NH4]+ [M+H]+ dm/z=17.0266
4365,4614,MS1 annotation,2.000,[M+H]+ [M-H2O+NH4]+ dm/z=0.9842
4368,9177,MS1 annotation,3.000,[M+H]+ [M+NH4]+ dm/z=17.0266
4368,4427,MS1 annotation,3.000,[M+H]+ [M+NH4]+ dm/z=17.0267
4385,4729,MS1 annotation,2.000,[M+NH4]+ [M+H]+ dm/z=17.0265
4388,5032,MS1 annotation,2.000,[M+Na]+ [M+NH4]+ dm/z=4.9554
4389,5009,MS1 annotation,2.000,[M-H2O+H]+ [M+NH4]+ dm/z=35.0369
4391,5599,MS1 annotation,3.000,[M+Na]+ [M+NH4]+ dm/z=4.9553
4391,5686,MS1 annotation,3.000,[M+H]+ [M+NH4]+ dm/z=17.0265
4396,6581,MS1 annotation,2.000,[M-H2O+H]+ [M+NH4]+ dm/z=35.0373
4404,9048,MS1 annotation,2.000,[M+ACN+H]+ [M+NH4]+ dm/z=24.0000
4416,7669,MS1 annotation,3.000,[M+ACN+H]+ [M+NH4]+ dm/z=23.9994
4416,5390,MS1 annotation,3.000,[M+ACN+H]+ [M+NH4]+ dm/z=23.9996
4421,4890,MS1 annotation,4.000,[M+H]+ [M+NH4]+ dm/z=17.0267
4421,7578,MS1 annotation,4.000,[M+ACN+H]+ [M+NH4]+ dm/z=23.9999
4421,6976,MS1 annotation,4.000,[M+HFA+H]+ [M+NH4]+ dm/z=28.9793
4421,6749,MS1 annotation,2.000,[M+H]+ [M-H2O+NH4]+ dm/z=0.9840
4427,9177,MS1 annotation,3.000,[M+H]+ [M+H]+ dm/z=0.0001
4432,5002,MS1 annotation,3.000,[M+H]+ [M+NH4]+ dm/z=17.0268
4432,9158,MS1 annotation,3.000,[M-H2O+H]+ [M+NH4]+ dm/z=35.0369
4445,4999,MS1 annotation,2.000,[M+ACN+H]+ [M+NH4]+ dm/z=24.0002
4451,4715,MS1 annotation,3.000,[M+Na]+ [M-H2O+H]+ dm/z=39.9928
4461,5762,MS1 annotation,2.000,[M+HFA+NH4]+ [M+H]+ dm/z=63.0320
4462,9723,MS1 annotation,3.000,[M+ACN+H]+ [M+NH4]+ dm/z=23.9998
4462,9825,MS1 annotation,3.000,[M+ACN+H]+ [M+NH4]+ dm/z=23.9998
4470,4763,MS1 annotation,2.000,[M+H]+ [M+NH4]+ dm/z=17.0268
4472,5708,MS1 annotation,2.000,[M-H2O+H]+ [M+NH4]+ dm/z=35.0366
4478,4728,MS1 annotation,2.000,[M+ACN+H]+ [M+NH4]+ dm/z=24.0001
4484,4620,MS1 annotation,2.000,[M+NH4]+ [M+ACN+H]+ dm/z=24.0001
4493,9145,MS1 annotation,2.000,[M+ACN+H]+ [M+NH4]+ dm/z=23.9999
4497,4504,MS1 annotation,2.000,[M+NH4]+ [M+H]+ dm/z=17.0266
4503,8224,MS1 annotation,4.000,[M+NH4]+ [M+NH4]+ dm/z=0.0000
4503,4666,MS1 annotation,4.000,[M+H]+ [M+NH4]+ dm/z=17.0262
4503,10454,MS1 annotation,4.000,[M+HFA+NH4]+ [M+NH4]+ dm/z=46.0057
4529,4593,MS1 annotation,2.000,[M-2H2O+Na]+ [M+K]+ dm/z=51.9951
4534,4593,MS1 annotation,2.000,[M+NH4]+ [M+ACN+H]+ dm/z=24.0000
4534,5147,MS1 annotation,2.000,[M+ACN+H]+ [M+NH4]+ dm/z=24.0000
4534,4813,MS1 annotation,2.000,[M+Na]+ [2M+HFA+2H]2+ dm/z=1.0204
4545,4848,MS1 annotation,2.000,[M+NH4]+ [M+ACN+H]+ dm/z=24.0000
4550,5347,MS1 annotation,2.000,[M+H]+ [M-H2O+NH4]+ dm/z=0.9841
4550,4830,MS1 annotation,2.000,[M+H]+ [M-2H2O+NH4]+ dm/z=18.9947
4550,9487,MS1 annotation,2.000,[M+HFA+H]+ [M+NH4]+ dm/z=28.9790
4552,4798,MS1 annotation,3.000,[M+H]+ [M+NH4]+ dm/z=17.0266
4557,6772,MS1 annotation,2.000,[M+ACN+H]+ [M+NH4]+ dm/z=24.0000
4563,4602,MS1 annotation,4.000,[M+NH4]+ [M+H]+ dm/z=17.0266
4563,4985,MS1 annotation,4.000,[M+ACN+H]+ [M+H]+ dm/z=41.0266
4563,6723,MS1 annotation,4.000,[M+HFA+H]+ [M+H]+ dm/z=46.0056
4570,4579,MS1 annotation,2.000,[M+NH4]+ [M-H2O+H]+ dm/z=35.0369
4570,10481,MS1 annotation,2.000,[M+HFA+NH4]+ [M+H]+ dm/z=63.0317
4571,5016,MS1 annotation,3.000,[M+NH4]+ [M+H]+ dm/z=17.0266
4571,4952,MS1 annotation,3.000,[M-H2O+H]+ [M+H]+ dm/z=18.0105
4574,9418,MS1 annotation,2.000,[M-H2O+H]+ [M+NH4]+ dm/z=35.0373
4589,4680,MS1 annotation,2.000,[M+NH4]+ [M+ACN+H]+ dm/z=24.0000
4589,5250,MS1 annotation,2.000,[M-H2O+NH4]+ [M+H]+ dm/z=0.9840
4593,4999,MS1 annotation,2.000,[M+K]+ [M-H2O+Na]+ dm/z=33.9846
4602,4985,MS1 annotation,4.000,[M+ACN+H]+ [M+NH4]+ dm/z=24.0000
4602,6723,MS1 annotation,4.000,[M+HFA+H]+ [M+NH4]+ dm/z=28.9790
4602,4904,MS1 annotation,2.000,[M+H]+ [M-H2O+NH4]+ dm/z=0.9840
4612,4746,MS1 annotation,3.000,[M-2H2O+H]+ [M+ACN+H]+ dm/z=77.0472
4612,8496,MS1 annotation,3.000,[M+NH4]+ [M+ACN+H]+ dm/z=23.9996
4615,6740,MS1 annotation,3.000,[M+HFA+H]+ [M+NH4]+ dm/z=28.9790
4615,4990,MS1 annotation,3.000,[M+ACN+H]+ [M+NH4]+ dm/z=24.0000
4615,4980,MS1 annotation,2.000,[M+H]+ [M-H2O+NH4]+ dm/z=0.9840
4619,4773,MS1 annotation,2.000,[M+ACN+H]+ [M+NH4]+ dm/z=24.0001
4622,5026,MS1 annotation,3.000,[M+ACN+H]+ [M-H2O+H]+ dm/z=59.0363
4624,5894,MS1 annotation,2.000,[M+H]+ [M-2H2O+NH4]+ dm/z=18.9948
4624,6393,MS1 annotation,2.000,[M+HFA+H]+ [M+NH4]+ dm/z=28.9791
4630,8008,MS1 annotation,2.000,[M+NH4]+ [M+ACN+H]+ dm/z=24.0000
4634,10618,MS1 annotation,2.000,[M-H2O+H]+ [M+NH4]+ dm/z=35.0370
4635,4644,MS1 annotation,2.000,[M+ACN+H]+ [M+NH4]+ dm/z=24.0001
4644,5159,MS1 annotation,2.000,[M-2H2O+Na]+ [M+K]+ dm/z=51.9950
4648,4936,MS1 annotation,2.000,[M+NH4]+ [M+Na]+ dm/z=4.9551
4649,10486,MS1 annotation,3.000,[M-H2O+H]+ [M+ACN+H]+ dm/z=59.0369
4649,5896,MS1 annotation,3.000,[M+NH4]+ [M+ACN+H]+ dm/z=24.0001
4649,6310,MS1 annotation,2.000,[M+K]+ [M+ACN+Na]+ dm/z=25.0527
4649,10601,MS1 annotation,2.000,[M+ACN+H]+ [M+NH4]+ dm/z=23.9996
4652,5633,MS1 annotation,3.000,[M+NH4]+ [M+H]+ dm/z=17.0265
4652,4813,MS1 annotation,3.000,[M-H2O+NH4]+ [M+H]+ dm/z=0.9840
4652,5022,MS1 annotation,2.000,[M+NH4]+ [M+ACN+H]+ dm/z=24.0000
4656,4799,MS1 annotation,2.000,[M+ACN+H]+ [M+NH4]+ dm/z=24.0001
4661,6795,MS1 annotation,4.000,[M+NH4]+ [M-H2O+H]+ dm/z=35.0371
4661,6793,MS1 annotation,4.000,[M+NH4]+ [M-H2O+H]+ dm/z=35.0372
4666,8224,MS1 annotation,4.000,[M+NH4]+ [M+H]+ dm/z=17.0263
4666,10454,MS1 annotation,4.000,[M+HFA+NH4]+ [M+H]+ dm/z=63.0319
4670,4774,MS1 annotation,3.000,[M-H2O+H]+ [M+NH4]+ dm/z=35.0373
4670,7161,MS1 annotation,3.000,[M-2H2O+H]+ [M+NH4]+ dm/z=53.0477
4676,10454,MS1 annotation,2.000,[M+NH4]+ [M+ACN+H]+ dm/z=23.9995
4680,5224,MS1 annotation,2.000,[M+K]+ [M-2H2O+Na]+ dm/z=51.9951
4681,5159,MS1 annotation,2.000,[M+NH4]+ [M+ACN+H]+ dm/z=24.0000
4685,5260,MS1 annotation,2.000,[M+ACN+H]+ [M+NH4]+ dm/z=23.9999
4693,9066,MS1 annotation,2.000,[M+NH4]+ [M+ACN+H]+ dm/z=23.9997
4704,8248,MS1 annotation,2.000,[M+ACN+H]+ [M+NH4]+ dm/z=23.9991
4726,5128,MS1 annotation,2.000,[M-H2O+H]+ [M+NH4]+ dm/z=35.0368
4728,5049,MS1 annotation,2.000,[M-2H2O+Na]+ [M+K]+ dm/z=51.9950
4732,4940,MS1 annotation,2.000,[M+NH4]+ [M+H]+ dm/z=17.0265
4746,8492,MS1 annotation,3.000,[M+H]+ [M-H2O+H]+ dm/z=18.0107
4746,7932,MS1 annotation,3.000,[M+NH4]+ [M-H2O+H]+ dm/z=35.0369
4746,8496,MS1 annotation,3.000,[M+NH4]+ [M-2H2O+H]+ dm/z=53.0477
4748,6749,MS1 annotation,3.000,[M+HFA+H]+ [M+ACN+H]+ dm/z=4.9789
4748,5113,MS1 annotation,3.000,[M+NH4]+ [M+ACN+H]+ dm/z=24.0001
4748,4836,MS1 annotation,2.000,[M+H]+ [M-H2O+NH4]+ dm/z=0.9840
4748,5979,MS1 annotation,2.000,[M+HFA+H]+ [M+NH4]+ dm/z=28.9791
4768,6842,MS1 annotation,2.000,[M+H]+ [M+NH4]+ dm/z=17.0265
4768,6861,MS1 annotation,2.000,[M+H]+ [M-H2O+NH4]+ dm/z=0.9841
4769,6910,MS1 annotation,2.000,[M+NH4]+ [M+H]+ dm/z=17.0263
4773,4848,MS1 annotation,2.000,[M-H2O+Na]+ [M+K]+ dm/z=33.9845
4774,7161,MS1 annotation,3.000,[M-2H2O+H]+ [M-H2O+H]+ dm/z=18.0105
4784,9821,MS1 annotation,2.000,[M-2H2O+Na]+ [M+K]+ dm/z=51.9951
4787,7518,MS1 annotation,4.000,[M+K]+ [M-2H2O+Na]+ dm/z=51.9945
4787,8496,MS1 annotation,4.000,[M-2H2O+Na]+ [M-2H2O+Na]+ dm/z=0.0000
4787,6659,MS1 annotation,4.000,[M+K]+ [M-2H2O+Na]+ dm/z=51.9945
4787,7590,MS1 annotation,2.000,[M+H]+ [M+NH4]+ dm/z=17.0261
4788,6728,MS1 annotation,3.000,[M+ACN+H]+ [M+NH4]+ dm/z=23.9998
4788,11950,MS1 annotation,3.000,[M+NH4]+ [M+NH4]+ dm/z=0.0000
4804,11086,MS1 annotation,3.000,[M+NH4]+ [M+NH4]+ dm/z=0.0000
4804,8227,MS1 annotation,3.000,[M+ACN+H]+ [M+NH4]+ dm/z=23.9994
4806,4864,MS1 annotation,2.000,[M+NH4]+ [M+ACN+H]+ dm/z=23.9995
4813,5633,MS1 annotation,3.000,[M+NH4]+ [M-H2O+NH4]+ dm/z=18.0105
4813,7943,MS1 annotation,3.000,[M+H]+ [M-2H2O+NH4]+ dm/z=18.9946
4813,5633,MS1 annotation,3.000,[M-H2O+NH4]+ [M-2H2O+NH4]+ dm/z=18.0105
4813,5327,MS1 annotation,2.000,[M+HFA+H]+ [M+NH4]+ dm/z=28.9791
4830,6206,MS1 annotation,4.000,[M-H2O+H]+ [M+NH4]+ dm/z=35.0372
4830,6361,MS1 annotation,4.000,[M-H2O+H]+ [M+NH4]+ dm/z=35.0372
4830,11472,MS1 annotation,4.000,[M+NH4]+ [M+NH4]+ dm/z=0.0000
4830,9923,MS1 annotation,4.000,[M+H]+ [M-H2O+NH4]+ dm/z=0.9840
4830,5347,MS1 annotation,4.000,[M-2H2O+NH4]+ [M-H2O+NH4]+ dm/z=18.0106
4843,10858,MS1 annotation,2.000,[M+HFA+NH4]+ [M+H]+ dm/z=63.0317
4845,9911,MS1 annotation,2.000,[M-H2O+H]+ [M+NH4]+ dm/z=35.0371
4848,6649,MS1 annotation,2.000,[M+K]+ [M-2H2O+Na]+ dm/z=51.9950
4849,7594,MS1 annotation,2.000,[M-2H2O+Na]+ [M+K]+ dm/z=51.9946
4864,6660,MS1 annotation,2.000,[M+K]+ [M-2H2O+Na]+ dm/z=51.9944
4870,4985,MS1 annotation,5.000,[M-2H2O+NH4]+ [M-H2O+NH4]+ dm/z=18.0105
4870,6700,MS1 annotation,5.000,[M+H]+ [M-H2O+NH4]+ dm/z=0.9842
4870,6799,MS1 annotation,5.000,[M-H2O+H]+ [M-H2O+NH4]+ dm/z=17.0266
4870,5762,MS1 annotation,5.000,[M+NH4]+ [M-H2O+NH4]+ dm/z=18.0106
4870,4985,MS1 annotation,4.000,[M-H2O+NH4]+ [M+NH4]+ dm/z=18.0105
4870,6799,MS1 annotation,4.000,[M+H]+ [M+NH4]+ dm/z=17.0266
4870,8560,MS1 annotation,4.000,[M+HFA+H]+ [M+NH4]+ dm/z=28.9792
4876,10338,MS1 annotation,2.000,[M+ACN+H]+ [M+NH4]+ dm/z=23.9996
4878,7242,MS1 annotation,2.000,[M+Na]+ [M+HFA+K]+ dm/z=61.9793
4882,4963,MS1 annotation,2.000,[M+ACN+H]+ [M+NH4]+ dm/z=23.9995
4889,7521,MS1 annotation,2.000,[M+H]+ [M+NH4]+ dm/z=17.0264
4890,7578,MS1 annotation,4.000,[M+ACN+H]+ [M+H]+ dm/z=41.0265
4890,6976,MS1 annotation,4.000,[M+HFA+H]+ [M+H]+ dm/z=46.0060
4899,5086,MS1 annotation,3.000,[M+ACN+H]+ [M+NH4]+ dm/z=24.0000
4904,6799,MS1 annotation,2.000,[M+ACN+H]+ [M+NH4]+ dm/z=24.0000
4947,9335,MS1 annotation,3.000,[M+NH4]+ [M+ACN+H]+ dm/z=23.9995
4952,5016,MS1 annotation,3.000,[M+NH4]+ [M-H2O+H]+ dm/z=35.0371
4956,6876,MS1 annotation,3.000,[M+H]+ [M+NH4]+ dm/z=17.0272
4956,6575,MS1 annotation,3.000,[M+Na]+ [M+NH4]+ dm/z=4.9555
4959,5975,MS1 annotation,2.000,[M-H2O+NH4]+ [M+H]+ dm/z=0.9839
4960,8281,MS1 annotation,3.000,[M+K]+ [M-2H2O+Na]+ dm/z=51.9949
4960,7619,MS1 annotation,3.000,[M+K]+ [M-2H2O+Na]+ dm/z=51.9949
4963,5064,MS1 annotation,2.000,[M-2H2O+Na]+ [M+K]+ dm/z=51.9945
4964,6837,MS1 annotation,2.000,[M+H]+ [M+NH4]+ dm/z=17.0266
4971,9305,MS1 annotation,2.000,[M+ACN+H]+ [M+NH4]+ dm/z=23.9999
4975,5659,MS1 annotation,2.000,[M+H]+ [M+HFA+NH4]+ dm/z=63.0320
4980,5732,MS1 annotation,2.000,[M+ACN+H]+ [M+NH4]+ dm/z=24.0001
4983,5649,MS1 annotation,3.000,[M+NH4]+ [M+NH4]+ dm/z=0.0000
4983,6079,MS1 annotation,3.000,[M+H]+ [M+NH4]+ dm/z=17.0265
4985,6700,MS1 annotation,5.000,[M+H]+ [M-2H2O+NH4]+ dm/z=18.9948
4985,6799,MS1 annotation,5.000,[M-H2O+H]+ [M-2H2O+NH4]+ dm/z=0.9840
4985,5762,MS1 annotation,5.000,[M+NH4]+ [M-2H2O+NH4]+ dm/z=36.0211
4985,6723,MS1 annotation,4.000,[M+HFA+H]+ [M+ACN+H]+ dm/z=4.9790
4985,6799,MS1 annotation,4.000,[M+H]+ [M-H2O+NH4]+ dm/z=0.9840
4985,8560,MS1 annotation,4.000,[M+HFA+H]+ [M-H2O+NH4]+ dm/z=46.9898
4985,7166,MS1 annotation,2.000,[M+NH4]+ [M+H]+ dm/z=17.0259
4990,6723,MS1 annotation,5.000,[M+H]+ [M-2H2O+NH4]+ dm/z=18.9947
4990,6618,MS1 annotation,5.000,[M-H2O+NH4]+ [M-2H2O+NH4]+ dm/z=18.0107
4990,5732,MS1 annotation,5.000,[M-H2O+H]+ [M-2H2O+NH4]+ dm/z=0.9841
4990,5421,MS1 annotation,5.000,[M+NH4]+ [M-2H2O+NH4]+ dm/z=36.0212
4990,6740,MS1 annotation,3.000,[M+HFA+H]+ [M+ACN+H]+ dm/z=4.9790
4990,6618,MS1 annotation,3.000,[M+NH4]+ [M-H2O+NH4]+ dm/z=18.0107
4990,5732,MS1 annotation,3.000,[M+H]+ [M-H2O+NH4]+ dm/z=0.9841
4990,5741,MS1 annotation,3.000,[M+ACN+H]+ [M+H]+ dm/z=41.0267
4990,5589,MS1 annotation,3.000,[M+NH4]+ [M+H]+ dm/z=17.0266
4995,9802,MS1 annotation,2.000,[M+NH4]+ [M+ACN+H]+ dm/z=23.9994
5002,9158,MS1 annotation,3.000,[M-H2O+H]+ [M+H]+ dm/z=18.0101
5010,7516,MS1 annotation,2.000,[M+ACN+H]+ [M+NH4]+ dm/z=23.9997
5011,9321,MS1 annotation,2.000,[M+ACN+H]+ [M+NH4]+ dm/z=23.9995
5012,5049,MS1 annotation,2.000,[M+NH4]+ [M+ACN+H]+ dm/z=24.0001
5022,5327,MS1 annotation,3.000,[M+K]+ [M-2H2O+Na]+ dm/z=51.9951
5022,8339,MS1 annotation,3.000,[M+HFA+Na]+ [M-2H2O+Na]+ dm/z=82.0264
5025,11623,MS1 annotation,3.000,[M+NH4]+ [M+NH4]+ dm/z=0.0000
5025,5661,MS1 annotation,3.000,[M+ACN+H]+ [M+NH4]+ dm/z=24.0001
5030,5422,MS1 annotation,2.000,[M+H]+ [M+NH4]+ dm/z=17.0267
5039,12246,MS1 annotation,2.000,[M+ACN+H]+ [M+NH4]+ dm/z=23.9996
5041,9800,MS1 annotation,2.000,[M+ACN+H]+ [M+NH4]+ dm/z=23.9997
5041,5382,MS1 annotation,2.000,[M+K]+ [M-2H2O+Na]+ dm/z=51.9944
5042,5709,MS1 annotation,3.000,[M+NH4]+ [M-H2O+H]+ dm/z=35.0369
5042,6776,MS1 annotation,3.000,[M-2H2O+H]+ [M-H2O+H]+ dm/z=18.0107
5079,5539,MS1 annotation,2.000,[M+K]+ [M-2H2O+Na]+ dm/z=51.9940
5081,8305,MS1 annotation,2.000,[M+HFA+K]+ [M+Na]+ dm/z=61.9795
5103,5392,MS1 annotation,2.000,[M+K]+ [M-2H2O+Na]+ dm/z=51.9942
5107,6287,MS1 annotation,3.000,[M-2H2O+H]+ [M+NH4]+ dm/z=53.0471
5107,7102,MS1 annotation,3.000,[M-2H2O+H]+ [M+NH4]+ dm/z=53.0472
5109,7921,MS1 annotation,3.000,[M+ACN+H]+ [M+NH4]+ dm/z=23.9995
5109,9306,MS1 annotation,3.000,[M+ACN+H]+ [M+NH4]+ dm/z=23.9994
5112,6049,MS1 annotation,3.000,[M-H2O+NH4]+ [M-2H2O+NH4]+ dm/z=18.0106
5112,9352,MS1 annotation,3.000,[M+H]+ [M-2H2O+NH4]+ dm/z=18.9946
5113,6749,MS1 annotation,3.000,[M+HFA+H]+ [M+NH4]+ dm/z=28.9790
5113,7578,MS1 annotation,2.000,[M+K]+ [M-2H2O+Na]+ dm/z=51.9949
5117,5821,MS1 annotation,2.000,[M+NH4]+ [M+Na]+ dm/z=4.9552
5144,5147,MS1 annotation,3.000,[M+K]+ [M-2H2O+Na]+ dm/z=51.9950
5144,5159,MS1 annotation,3.000,[M-H2O+Na]+ [M-2H2O+Na]+ dm/z=18.0106
5147,5159,MS1 annotation,3.000,[M-H2O+Na]+ [M+K]+ dm/z=33.9844
5149,6617,MS1 annotation,2.000,[M+NH4]+ [M+ACN+H]+ dm/z=24.0000
5166,8281,MS1 annotation,3.000,[M+ACN+H]+ [M+NH4]+ dm/z=24.0000
5166,7619,MS1 annotation,3.000,[M+ACN+H]+ [M+NH4]+ dm/z=24.0001
5166,6293,MS1 annotation,2.000,[M+H]+ [M-2H2O+NH4]+ dm/z=18.9947
5168,5880,MS1 annotation,3.000,[M-H2O+H]+ [M+H]+ dm/z=18.0106
5168,10043,MS1 annotation,3.000,[M+NH4]+ [M+H]+ dm/z=17.0266
5177,9300,MS1 annotation,2.000,[M+Na]+ [M+H]+ dm/z=21.9823
5181,7503,MS1 annotation,3.000,[M+NH4]+ [M+NH4]+ dm/z=0.0001
5181,9669,MS1 annotation,3.000,[M+ACN+H]+ [M+NH4]+ dm/z=23.9991
5184,11472,MS1 annotation,2.000,[M+H]+ [M-H2O+NH4]+ dm/z=0.9842
5184,6378,MS1 annotation,2.000,[M+H]+ [M-2H2O+NH4]+ dm/z=18.9947
5192,11018,MS1 annotation,2.000,[M+NH4]+ [M+ACN+H]+ dm/z=23.9992
5212,10454,MS1 annotation,2.000,[M-2H2O+Na]+ [M+K]+ dm/z=51.9944
5224,5250,MS1 annotation,2.000,[M+NH4]+ [M+HFA+H]+ dm/z=28.9791
5224,7943,MS1 annotation,2.000,[M+NH4]+ [M+ACN+H]+ dm/z=24.0002
5240,8775,MS1 annotation,3.000,[M-H2O+H]+ [M+NH4]+ dm/z=35.0371
5240,5555,MS1 annotation,2.000,[M+H]+ [M+HFA+NH4]+ dm/z=63.0320
5250,6617,MS1 annotation,2.000,[M+H]+ [M-2H2O+NH4]+ dm/z=18.9947
5272,10041,MS1 annotation,2.000,[M+NH4]+ [M-H2O+H]+ dm/z=35.0368
5278,8028,MS1 annotation,3.000,[M+ACN+NH4]+ [M+NH4]+ dm/z=41.0265
5278,5964,MS1 annotation,3.000,[M+H]+ [M+NH4]+ dm/z=17.0265
5278,6976,MS1 annotation,2.000,[M+H]+ [M-H2O+NH4]+ dm/z=0.9844
5287,5551,MS1 annotation,2.000,[M-2H2O+Na]+ [M+K]+ dm/z=51.9948
5287,8672,MS1 annotation,2.000,[M+NH4]+ [M+H]+ dm/z=17.0267
5293,8509,MS1 annotation,2.000,[M+HFA+H]+ [M+Na]+ dm/z=24.0224
5301,6457,MS1 annotation,2.000,[M+NH4]+ [M+H]+ dm/z=17.0266
5317,7037,MS1 annotation,4.000,[M+Na]+ [M+NH4]+ dm/z=4.9552
5317,5360,MS1 annotation,4.000,[M-H2O+H]+ [M+NH4]+ dm/z=35.0371
5319,8302,MS1 annotation,5.000,[M-2H2O+H]+ [M+ACN+H]+ dm/z=77.0469
5319,8503,MS1 annotation,5.000,[M-H2O+H]+ [M+ACN+H]+ dm/z=59.0361
5319,9347,MS1 annotation,5.000,[M+NH4]+ [M+ACN+H]+ dm/z=23.9992
5319,6685,MS1 annotation,5.000,[M+H]+ [M+ACN+H]+ dm/z=41.0255
5327,8339,MS1 annotation,3.000,[M+HFA+Na]+ [M+K]+ dm/z=30.0314
5327,5669,MS1 annotation,2.000,[M+NH4]+ [M+H]+ dm/z=17.0264
5335,7729,MS1 annotation,2.000,[M+ACN+H]+ [M+NH4]+ dm/z=23.9999
5345,10455,MS1 annotation,2.000,[M+K]+ [M-2H2O+Na]+ dm/z=51.9949
5346,7224,MS1 annotation,2.000,[M+HFA+NH4]+ [M+H]+ dm/z=63.0324
5347,6206,MS1 annotation,4.000,[M+H]+ [M+NH4]+ dm/z=17.0266
5347,6361,MS1 annotation,4.000,[M+H]+ [M+NH4]+ dm/z=17.0266
5347,7357,MS1 annotation,4.000,[M+ACN+H]+ [M+NH4]+ dm/z=24.0002
5347,9923,MS1 annotation,4.000,[M+H]+ [M-2H2O+NH4]+ dm/z=18.9946
5350,9883,MS1 annotation,2.000,[M+Na]+ [M+H]+ dm/z=21.9818
5354,10799,MS1 annotation,4.000,[M+K]+ [M-2H2O+Na]+ dm/z=51.9950
5354,6621,MS1 annotation,4.000,[M+K]+ [M-2H2O+Na]+ dm/z=51.9950
5356,9007,MS1 annotation,2.000,[M-2H2O+Na]+ [M+K]+ dm/z=51.9938
5356,11755,MS1 annotation,2.000,[M+NH4]+ [M+ACN+H]+ dm/z=23.9990
5356,11334,MS1 annotation,2.000,[2M+2H]2+ [M+Na]+ dm/z=21.9831
5360,7037,MS1 annotation,4.000,[M+Na]+ [M-H2O+H]+ dm/z=39.9923
5370,8389,MS1 annotation,4.000,[M-2H2O+H]+ [M-H2O+H]+ dm/z=18.0107
5377,7175,MS1 annotation,2.000,[M+NH4]+ [M-H2O+H]+ dm/z=35.0373
5390,7669,MS1 annotation,3.000,[M+ACN+H]+ [M+ACN+H]+ dm/z=0.0002
5391,6785,MS1 annotation,4.000,[M+HFA+H]+ [M+ACN+H]+ dm/z=4.9790
5391,6065,MS1 annotation,4.000,[M+NH4]+ [M+ACN+H]+ dm/z=24.0001
5391,6692,MS1 annotation,4.000,[M+ACN+H]+ [M+ACN+H]+ dm/z=0.0000
5394,8579,MS1 annotation,2.000,[M-H2O+Na]+ [M+K]+ dm/z=33.9838
5420,8706,MS1 annotation,2.000,[M+NH4]+ [M-H2O+H]+ dm/z=35.0368
5421,6723,MS1 annotation,5.000,[M+H]+ [M+NH4]+ dm/z=17.0265
5421,6618,MS1 annotation,5.000,[M-H2O+NH4]+ [M+NH4]+ dm/z=18.0105
5421,5732,MS1 annotation,5.000,[M-H2O+H]+ [M+NH4]+ dm/z=35.0371
5421,5589,MS1 annotation,2.000,[M-2H2O+NH4]+ [M+H]+ dm/z=18.9946
5429,5979,MS1 annotation,3.000,[M+H]+ [M+NH4]+ dm/z=17.0264
5429,7578,MS1 annotation,3.000,[M-H2O+NH4]+ [M+NH4]+ dm/z=18.0106
5430,6083,MS1 annotation,2.000,[M-H2O+H]+ [M+NH4]+ dm/z=35.0368
5436,10536,MS1 annotation,4.000,[M+Na]+ [M-2H2O+Na]+ dm/z=36.0207
5436,5703,MS1 annotation,4.000,[M+K]+ [M-2H2O+Na]+ dm/z=51.9950
5436,9929,MS1 annotation,4.000,[M-H2O+Na]+ [M-2H2O+Na]+ dm/z=18.0105
5436,9696,MS1 annotation,2.000,[M+HFA+H]+ [M+NH4]+ dm/z=28.9789
5452,7553,MS1 annotation,2.000,[M-H2O+H]+ [M+NH4]+ dm/z=35.0369
5452,10450,MS1 annotation,2.000,[M+K]+ [M-2H2O+Na]+ dm/z=51.9949
5460,10807,MS1 annotation,2.000,[2M+Fe-2H]+ [M+HFA+Na]+ dm/z=181.0479
5477,10544,MS1 annotation,3.000,[M+NH4]+ [M+NH4]+ dm/z=0.0000
5477,6966,MS1 annotation,3.000,[M+ACN+H]+ [M+NH4]+ dm/z=24.0001
5489,5883,MS1 annotation,2.000,[M+H]+ [M-H2O+NH4]+ dm/z=0.9841
5489,11245,MS1 annotation,2.000,[M+HFA+H]+ [M+NH4]+ dm/z=28.9790
5496,5720,MS1 annotation,3.000,[M-2H2O+H]+ [M-H2O+H]+ dm/z=18.0106
5508,7295,MS1 annotation,3.000,[M-H2O+H]+ [M-2H2O+H]+ dm/z=18.0106
5510,9703,MS1 annotation,2.000,[M-2H2O+Na]+ [M+K]+ dm/z=51.9950
5525,5575,MS1 annotation,4.000,[M-2H2O+H]+ [M-2H2O+H]+ dm/z=0.0000
5525,7710,MS1 annotation,4.000,[M-H2O+H]+ [M-2H2O+H]+ dm/z=18.0106
5538,5620,MS1 annotation,2.000,[M+NH4]+ [M+ACN+H]+ dm/z=24.0000
5551,7125,MS1 annotation,2.000,[M+ACN+H]+ [M+NH4]+ dm/z=24.0000
5558,9696,MS1 annotation,2.000,[M+H]+ [M-2H2O+NH4]+ dm/z=18.9946
5566,7521,MS1 annotation,2.000,[M-2H2O+Na]+ [M+K]+ dm/z=51.9951
5566,7946,MS1 annotation,2.000,[M+NH4]+ [M-H2O+H]+ dm/z=35.0362
5575,7710,MS1 annotation,4.000,[M-H2O+H]+ [M-2H2O+H]+ dm/z=18.0106
5589,5741,MS1 annotation,3.000,[M+ACN+H]+ [M+NH4]+ dm/z=24.0002
5589,6618,MS1 annotation,2.000,[M+H]+ [M-H2O+NH4]+ dm/z=0.9841
5599,5686,MS1 annotation,3.000,[M+H]+ [M+Na]+ dm/z=21.9818
5613,6785,MS1 annotation,4.000,[M+H]+ [M-2H2O+NH4]+ dm/z=18.9946
5613,5868,MS1 annotation,4.000,[M-H2O+NH4]+ [M-2H2O+NH4]+ dm/z=18.0106
5613,6753,MS1 annotation,4.000,[M-H2O+NH4]+ [M-2H2O+NH4]+ dm/z=18.0106
5623,7164,MS1 annotation,2.000,[M+NH4]+ [M+ACN+H]+ dm/z=24.0000
5623,5625,MS1 annotation,2.000,[M+ACN+H]+ [M+NH4]+ dm/z=23.9994
5633,7943,MS1 annotation,3.000,[M+H]+ [M-H2O+NH4]+ dm/z=0.9841
5649,6079,MS1 annotation,3.000,[M+H]+ [M+NH4]+ dm/z=17.0265
5649,5760,MS1 annotation,2.000,[M+H]+ [M-2H2O+NH4]+ dm/z=18.9947
5650,7648,MS1 annotation,2.000,[M+NH4]+ [M+ACN+H]+ dm/z=24.0000
5661,11623,MS1 annotation,3.000,[M+NH4]+ [M+ACN+H]+ dm/z=24.0001
5672,8276,MS1 annotation,2.000,[M+NH4]+ [M+HFA+H]+ dm/z=28.9790
5673,6006,MS1 annotation,4.000,[M-2H2O+H]+ [M-2H2O+H]+ dm/z=0.0002
5673,7339,MS1 annotation,4.000,[M-H2O+H]+ [M-2H2O+H]+ dm/z=18.0107
5676,8071,MS1 annotation,2.000,[M+H]+ [M+NH4]+ dm/z=17.0267
5680,7004,MS1 annotation,3.000,[M+H]+ [M+NH4]+ dm/z=17.0264
5680,5703,MS1 annotation,3.000,[M+H]+ [M+NH4]+ dm/z=17.0265
5683,8332,MS1 annotation,2.000,[M+K]+ [M+ACN+Na]+ dm/z=25.0528
5697,6696,MS1 annotation,2.000,[M+NH4]+ [M+ACN+H]+ dm/z=24.0001
5697,7092,MS1 annotation,2.000,[M+H]+ [M-H2O+NH4]+ dm/z=0.9840
5703,10536,MS1 annotation,4.000,[M+Na]+ [M+K]+ dm/z=15.9743
5703,9929,MS1 annotation,4.000,[M-H2O+Na]+ [M+K]+ dm/z=33.9845
5703,7004,MS1 annotation,3.000,[M+H]+ [M+H]+ dm/z=0.0002
5709,6776,MS1 annotation,3.000,[M-2H2O+H]+ [M+NH4]+ dm/z=53.0476
5732,6723,MS1 annotation,5.000,[M+H]+ [M-H2O+H]+ dm/z=18.0106
5732,6618,MS1 annotation,5.000,[M-H2O+NH4]+ [M-H2O+H]+ dm/z=17.0266
5732,6618,MS1 annotation,3.000,[M+NH4]+ [M+H]+ dm/z=17.0266
5739,6550,MS1 annotation,2.000,[M+NH4]+ [M+H]+ dm/z=17.0275
5743,7950,MS1 annotation,2.000,[M+H]+ [M-2H2O+NH4]+ dm/z=18.9945
5746,8489,MS1 annotation,3.000,[M+ACN+H]+ [M+NH4]+ dm/z=23.9992
5746,5805,MS1 annotation,3.000,[M+NH4]+ [M+NH4]+ dm/z=0.0000
5747,8161,MS1 annotation,2.000,[M+NH4]+ [M+ACN+H]+ dm/z=23.9998
5754,7643,MS1 annotation,5.000,[M+K]+ [M+K]+ dm/z=0.0000
5754,6049,MS1 annotation,5.000,[M-2H2O+Na]+ [M+K]+ dm/z=51.9950
5754,6051,MS1 annotation,5.000,[M-2H2O+Na]+ [M+K]+ dm/z=51.9950
5754,6108,MS1 annotation,5.000,[M-2H2O+Na]+ [M+K]+ dm/z=51.9949
5754,7643,MS1 annotation,4.000,[M+H]+ [M+H]+ dm/z=0.0000
5754,6446,MS1 annotation,4.000,[M-2H2O+NH4]+ [M+H]+ dm/z=18.9949
5754,6366,MS1 annotation,4.000,[M-2H2O+NH4]+ [M+H]+ dm/z=18.9950
5754,11417,MS1 annotation,2.000,[M+H]+ [M-2H2O+NH4]+ dm/z=18.9942
5762,6700,MS1 annotation,5.000,[M+H]+ [M+NH4]+ dm/z=17.0264
5762,6799,MS1 annotation,5.000,[M-H2O+H]+ [M+NH4]+ dm/z=35.0371
5763,10069,MS1 annotation,2.000,[M+Na]+ [M-H2O+H]+ dm/z=39.9944
5805,8489,MS1 annotation,3.000,[M+ACN+H]+ [M+NH4]+ dm/z=23.9992
5817,8009,MS1 annotation,5.000,[M+H]+ [M-H2O+NH4]+ dm/z=0.9840
5817,5869,MS1 annotation,5.000,[M-H2O+NH4]+ [M-H2O+NH4]+ dm/z=0.0000
5817,6377,MS1 annotation,5.000,[M+H]+ [M-H2O+NH4]+ dm/z=0.9840
5817,5947,MS1 annotation,5.000,[M-2H2O+NH4]+ [M-H2O+NH4]+ dm/z=18.0106
5820,5873,MS1 annotation,2.000,[M+K]+ [M-2H2O+Na]+ dm/z=51.9948
5826,7296,MS1 annotation,3.000,[M-H2O+NH4]+ [M+H]+ dm/z=0.9840
5834,8606,MS1 annotation,2.000,[M+H]+ [M-H2O+NH4]+ dm/z=0.9841
5868,6993,MS1 annotation,5.000,[M+H]+ [M+NH4]+ dm/z=17.0265
5868,6276,MS1 annotation,5.000,[M-2H2O+NH4]+ [M+NH4]+ dm/z=36.0211
5868,6753,MS1 annotation,5.000,[M+NH4]+ [M+NH4]+ dm/z=0.0000
5868,6870,MS1 annotation,5.000,[M+HFA+H]+ [M+NH4]+ dm/z=28.9788
5868,6785,MS1 annotation,4.000,[M+H]+ [M-H2O+NH4]+ dm/z=0.9840
5868,6753,MS1 annotation,4.000,[M-H2O+NH4]+ [M-H2O+NH4]+ dm/z=0.0000
5869,8009,MS1 annotation,5.000,[M+H]+ [M-H2O+NH4]+ dm/z=0.9839
5869,6377,MS1 annotation,5.000,[M+H]+ [M-H2O+NH4]+ dm/z=0.9839
5869,5947,MS1 annotation,5.000,[M-2H2O+NH4]+ [M-H2O+NH4]+ dm/z=18.0106
5869,7987,MS1 annotation,2.000,[M-H2O+NH4]+ [M+H]+ dm/z=0.9844
5871,11229,MS1 annotation,2.000,[2M+NH4]+ [M+ACN+H]+ dm/z=122.0577
5880,10043,MS1 annotation,3.000,[M+NH4]+ [M-H2O+H]+ dm/z=35.0372
5881,5996,MS1 annotation,2.000,[M-H2O+NH4]+ [M+H]+ dm/z=0.9841
5894,7622,MS1 annotation,2.000,[M+H]+ [M+NH4]+ dm/z=17.0265
5896,10486,MS1 annotation,3.000,[M-H2O+H]+ [M+NH4]+ dm/z=35.0368
5896,10449,MS1 annotation,2.000,[M+K]+ [M-2H2O+Na]+ dm/z=51.9950
5923,6556,MS1 annotation,2.000,[M+NH4]+ [M+Na]+ dm/z=4.9559
5940,6049,MS1 annotation,3.000,[M+NH4]+ [M-H2O+H]+ dm/z=35.0370
5940,9333,MS1 annotation,3.000,[M+HFA+H]+ [M-H2O+H]+ dm/z=64.0158
5941,7773,MS1 annotation,2.000,[M+K]+ [M-2H2O+Na]+ dm/z=51.9951
5944,6289,MS1 annotation,3.000,[M+Na]+ [M-H2O+H]+ dm/z=39.9925
5947,8009,MS1 annotation,5.000,[M+H]+ [M-2H2O+NH4]+ dm/z=18.9946
5947,6377,MS1 annotation,5.000,[M+H]+ [M-2H2O+NH4]+ dm/z=18.9946
5947,7987,MS1 annotation,2.000,[M+NH4]+ [M+H]+ dm/z=17.0263
5949,6230,MS1 annotation,3.000,[M+K]+ [M+K]+ dm/z=0.0001
5949,7530,MS1 annotation,3.000,[M-2H2O+Na]+ [M+K]+ dm/z=51.9946
5963,9125,MS1 annotation,2.000,[M+NH4]+ [M+ACN+H]+ dm/z=23.9999
5964,8028,MS1 annotation,3.000,[M+ACN+NH4]+ [M+H]+ dm/z=58.0530
5970,9194,MS1 annotation,4.000,[M+Na]+ [M-H2O+H]+ dm/z=39.9927
5970,9551,MS1 annotation,4.000,[M+H]+ [M-H2O+H]+ dm/z=18.0095
5978,7412,MS1 annotation,3.000,[M+HFA+NH4]+ [M+HFA+NH4]+ dm/z=0.0001
5978,7304,MS1 annotation,3.000,[M+H]+ [M+HFA+NH4]+ dm/z=63.0319
5979,7578,MS1 annotation,3.000,[M-H2O+NH4]+ [M+H]+ dm/z=0.9843
5979,6749,MS1 annotation,2.000,[M+NH4]+ [M+ACN+H]+ dm/z=24.0001
5992,7327,MS1 annotation,3.000,[M-H2O+H]+ [M+H]+ dm/z=18.0106
5994,8683,MS1 annotation,3.000,[M-H2O+H]+ [M+H]+ dm/z=18.0107
5994,8683,MS1 annotation,3.000,[M-2H2O+H]+ [M-H2O+H]+ dm/z=18.0107
5994,10061,MS1 annotation,3.000,[M+NH4]+ [M-H2O+H]+ dm/z=35.0372
6006,7339,MS1 annotation,4.000,[M-H2O+H]+ [M-2H2O+H]+ dm/z=18.0105
6034,6477,MS1 annotation,2.000,[M+ACN+H]+ [M+NH4]+ dm/z=23.9997
6044,7622,MS1 annotation,2.000,[M-H2O+H]+ [M+NH4]+ dm/z=35.0369
6049,7643,MS1 annotation,5.000,[M+K]+ [M-2H2O+Na]+ dm/z=51.9950
6049,6051,MS1 annotation,5.000,[M-2H2O+Na]+ [M-2H2O+Na]+ dm/z=0.0000
6049,6108,MS1 annotation,5.000,[M-2H2O+Na]+ [M-2H2O+Na]+ dm/z=0.0000
6049,9333,MS1 annotation,3.000,[M+HFA+H]+ [M+NH4]+ dm/z=28.9789
6049,9352,MS1 annotation,3.000,[M+H]+ [M-H2O+NH4]+ dm/z=0.9841
6051,7643,MS1 annotation,5.000,[M+K]+ [M-2H2O+Na]+ dm/z=51.9950
6051,6108,MS1 annotation,5.000,[M-2H2O+Na]+ [M-2H2O+Na]+ dm/z=0.0000
6065,6785,MS1 annotation,4.000,[M+HFA+H]+ [M+NH4]+ dm/z=28.9792
6065,6692,MS1 annotation,4.000,[M+ACN+H]+ [M+NH4]+ dm/z=24.0002
6102,9672,MS1 annotation,2.000,[M+NH4]+ [M+ACN+H]+ dm/z=23.9994
6108,7643,MS1 annotation,5.000,[M+K]+ [M-2H2O+Na]+ dm/z=51.9950
6116,6276,MS1 annotation,2.000,[M+ACN+H]+ [M+NH4]+ dm/z=24.0000
6118,10283,MS1 annotation,6.000,[M+ACN+H]+ [M+NH4]+ dm/z=24.0000
6118,10535,MS1 annotation,6.000,[M+NH4]+ [M+NH4]+ dm/z=0.0000
6118,6308,MS1 annotation,6.000,[M+NH4]+ [M+NH4]+ dm/z=0.0000
6118,7765,MS1 annotation,6.000,[M+ACN+H]+ [M+NH4]+ dm/z=24.0000
6118,6497,MS1 annotation,6.000,[M+ACN+H]+ [M+NH4]+ dm/z=24.0000
6122,7373,MS1 annotation,2.000,[M+H]+ [M+HFA+NH4]+ dm/z=63.0319
6123,9651,MS1 annotation,2.000,[M+H]+ [M+NH4]+ dm/z=17.0265
6131,6160,MS1 annotation,4.000,[M+NH4]+ [M+NH4]+ dm/z=0.0001
6131,6844,MS1 annotation,4.000,[M-H2O+NH4]+ [M+NH4]+ dm/z=18.0104
6131,8542,MS1 annotation,4.000,[M+H]+ [M+NH4]+ dm/z=17.0264
6131,8844,MS1 annotation,2.000,[M+H]+ [M+HFA+NH4]+ dm/z=63.0320
6132,6365,MS1 annotation,3.000,[M+HFA+K]+ [M+HFA+K]+ dm/z=0.0001
6132,8579,MS1 annotation,3.000,[M+Na]+ [M+HFA+K]+ dm/z=61.9787
6132,6365,MS1 annotation,3.000,[M+K]+ [M+K]+ dm/z=0.0001
6132,7164,MS1 annotation,3.000,[M-H2O+Na]+ [M+K]+ dm/z=33.9836
6135,10489,MS1 annotation,2.000,[M+H]+ [M-H2O+NH4]+ dm/z=0.9841
6160,6844,MS1 annotation,4.000,[M-H2O+NH4]+ [M+NH4]+ dm/z=18.0105
6160,8542,MS1 annotation,4.000,[M+H]+ [M+NH4]+ dm/z=17.0265
6165,6248,MS1 annotation,2.000,[M+NH4]+ [M+ACN+H]+ dm/z=23.9991
6176,6965,MS1 annotation,2.000,[M-H2O+NH4]+ [M+H]+ dm/z=0.9835
6192,11275,MS1 annotation,2.000,[M+ACN+H]+ [M+NH4]+ dm/z=24.0001
6197,6268,MS1 annotation,2.000,[M+H]+ [M+NH4]+ dm/z=17.0266
6206,6361,MS1 annotation,4.000,[M+H]+ [M+H]+ dm/z=0.0000
6206,7357,MS1 annotation,4.000,[M+ACN+H]+ [M+H]+ dm/z=41.0268
6206,6361,MS1 annotation,4.000,[M-H2O+H]+ [M-H2O+H]+ dm/z=0.0000
6206,11472,MS1 annotation,4.000,[M+NH4]+ [M-H2O+H]+ dm/z=35.0372
6230,7530,MS1 annotation,3.000,[M-2H2O+Na]+ [M+K]+ dm/z=51.9947
6232,10940,MS1 annotation,2.000,[M+H]+ [M+ACN+NH4]+ dm/z=58.0532
6239,7286,MS1 annotation,2.000,[M+H]+ [M+NH4]+ dm/z=17.0266
6246,8880,MS1 annotation,2.000,[M-H2O+H]+ [M+NH4]+ dm/z=35.0377
6260,9419,MS1 annotation,4.000,[M+H]+ [M+Na]+ dm/z=21.9818
6264,11275,MS1 annotation,2.000,[M+H]+ [M-H2O+NH4]+ dm/z=0.9843
6276,6993,MS1 annotation,5.000,[M+H]+ [M-2H2O+NH4]+ dm/z=18.9946
6276,6753,MS1 annotation,5.000,[M+NH4]+ [M-2H2O+NH4]+ dm/z=36.0211
6276,6870,MS1 annotation,5.000,[M+HFA+H]+ [M-2H2O+NH4]+ dm/z=64.9999
6287,7102,MS1 annotation,3.000,[M-2H2O+H]+ [M-2H2O+H]+ dm/z=0.0001
6287,9312,MS1 annotation,2.000,[M+ACN+Na]+ [M+K]+ dm/z=25.0523
6288,10119,MS1 annotation,3.000,[M+Na]+ [M+NH4]+ dm/z=4.9558
6288,8823,MS1 annotation,3.000,[M-H2O+H]+ [M+NH4]+ dm/z=35.0371
6308,10283,MS1 annotation,6.000,[M+ACN+H]+ [M+NH4]+ dm/z=23.9999
6308,10535,MS1 annotation,6.000,[M+NH4]+ [M+NH4]+ dm/z=0.0000
6308,7765,MS1 annotation,6.000,[M+ACN+H]+ [M+NH4]+ dm/z=23.9999
6308,6497,MS1 annotation,6.000,[M+ACN+H]+ [M+NH4]+ dm/z=24.0000
6310,7516,MS1 annotation,2.000,[M+NH4]+ [M-H2O+H]+ dm/z=35.0368
6310,10449,MS1 annotation,2.000,[M+NH4]+ [M-2H2O+H]+ dm/z=53.0476
6320,7164,MS1 annotation,2.000,[M-2H2O+Na]+ [M+K]+ dm/z=51.9951
6340,8899,MS1 annotation,3.000,[M-H2O+H]+ [M+NH4]+ dm/z=35.0375
6340,7903,MS1 annotation,3.000,[M+H]+ [M+NH4]+ dm/z=17.0269
6344,8869,MS1 annotation,2.000,[M+Na]+ [M+NH4]+ dm/z=4.9555
6352,8841,MS1 annotation,2.000,[M+Na]+ [M+NH4]+ dm/z=4.9557
6361,7357,MS1 annotation,4.000,[M+ACN+H]+ [M+H]+ dm/z=41.0268
6361,11472,MS1 annotation,4.000,[M+NH4]+ [M-H2O+H]+ dm/z=35.0372
6361,6378,MS1 annotation,2.000,[M+NH4]+ [M-2H2O+H]+ dm/z=53.0477
6365,8579,MS1 annotation,3.000,[M+Na]+ [M+HFA+K]+ dm/z=61.9786
6365,7164,MS1 annotation,3.000,[M-H2O+Na]+ [M+K]+ dm/z=33.9836
6366,7643,MS1 annotation,4.000,[M+H]+ [M-2H2O+NH4]+ dm/z=18.9950
6366,6446,MS1 annotation,4.000,[M-2H2O+NH4]+ [M-2H2O+NH4]+ dm/z=0.0000
6377,8009,MS1 annotation,5.000,[M+H]+ [M+H]+ dm/z=0.0000
6400,8667,MS1 annotation,3.000,[M+NH4]+ [M+NH4]+ dm/z=0.0000
6408,8806,MS1 annotation,2.000,[M+H]+ [M-2H2O+NH4]+ dm/z=18.9944
6409,10259,MS1 annotation,3.000,[M-H2O+NH4]+ [M+H]+ dm/z=0.9841
6409,10876,MS1 annotation,3.000,[M-2H2O+NH4]+ [M+H]+ dm/z=18.9947
6418,8908,MS1 annotation,2.000,[M-H2O+H]+ [M+NH4]+ dm/z=35.0369
6445,9565,MS1 annotation,2.000,[M-H2O+H]+ [M+NH4]+ dm/z=35.0368
6446,7643,MS1 annotation,4.000,[M+H]+ [M-2H2O+NH4]+ dm/z=18.9950
6447,6471,MS1 annotation,2.000,[M+ACN+H]+ [M+NH4]+ dm/z=23.9994
6462,8745,MS1 annotation,2.000,[M+NH4]+ [M+ACN+H]+ dm/z=24.0001
6462,8810,MS1 annotation,2.000,[M+NH4]+ [M-H2O+H]+ dm/z=35.0372
6473,9069,MS1 annotation,2.000,[M+NH4]+ [M+ACN+H]+ dm/z=24.0002
6476,10130,MS1 annotation,2.000,[M+H]+ [M+NH4]+ dm/z=17.0267
6483,9058,MS1 annotation,2.000,[M+NH4]+ [M+H]+ dm/z=17.0265
6489,8739,MS1 annotation,4.000,[M+H]+ [M-2H2O+H]+ dm/z=36.0212
6489,10121,MS1 annotation,4.000,[M-H2O+H]+ [M-2H2O+H]+ dm/z=18.0106
6494,6755,MS1 annotation,3.000,[M+NH4]+ [M+ACN+H]+ dm/z=24.0000
6497,10283,MS1 annotation,6.000,[M+ACN+H]+ [M+ACN+H]+ dm/z=0.0000
6497,10535,MS1 annotation,6.000,[M+NH4]+ [M+ACN+H]+ dm/z=24.0000
6497,7765,MS1 annotation,6.000,[M+ACN+H]+ [M+ACN+H]+ dm/z=0.0000
6516,6518,MS1 annotation,2.000,[M+H]+ [M+HFA+NH4]+ dm/z=63.0321
6520,8734,MS1 annotation,2.000,[M-H2O+NH4]+ [M+H]+ dm/z=0.9841
6532,10811,MS1 annotation,2.000,[M+ACN+H]+ [M+NH4]+ dm/z=24.0001
6554,6690,MS1 annotation,2.000,[M-H2O+H]+ [M+Na]+ dm/z=39.9930
6557,6981,MS1 annotation,3.000,[M-H2O+H]+ [M+NH4]+ dm/z=35.0381
6557,6688,MS1 annotation,3.000,[M+Na]+ [M+NH4]+ dm/z=4.9550
6560,6566,MS1 annotation,2.000,[M+ACN+H]+ [M+NH4]+ dm/z=24.0000
6565,6570,MS1 annotation,2.000,[M+ACN+H]+ [M+NH4]+ dm/z=23.9999
6569,6589,MS1 annotation,2.000,[M+ACN+H]+ [M+NH4]+ dm/z=23.9999
6575,6876,MS1 annotation,3.000,[M+H]+ [M+Na]+ dm/z=21.9827
6576,6662,MS1 annotation,2.000,[M+ACN+H]+ [M+NH4]+ dm/z=23.9998
6596,8240,MS1 annotation,2.000,[M-H2O+H]+ [M+NH4]+ dm/z=35.0370
6596,8305,MS1 annotation,2.000,[M+K]+ [M+ACN+Na]+ dm/z=25.0526
6618,6723,MS1 annotation,5.000,[M+H]+ [M-H2O+NH4]+ dm/z=0.9840
6619,8438,MS1 annotation,2.000,[M+ACN+H]+ [M+NH4]+ dm/z=24.0000
6621,10799,MS1 annotation,4.000,[M+K]+ [M+K]+ dm/z=0.0001
6631,7242,MS1 annotation,2.000,[M+NH4]+ [M+ACN+H]+ dm/z=23.9999
6646,9788,MS1 annotation,2.000,[M+NH4]+ [M+ACN+H]+ dm/z=23.9995
6649,6698,MS1 annotation,2.000,[M+NH4]+ [M+ACN+H]+ dm/z=24.0001
6651,9048,MS1 annotation,3.000,[M-H2O+H]+ [M+NH4]+ dm/z=35.0369
6651,6722,MS1 annotation,2.000,[M+H]+ [M+HFA+NH4]+ dm/z=63.0319
6659,7518,MS1 annotation,4.000,[M+K]+ [M+K]+ dm/z=0.0000
6659,8496,MS1 annotation,4.000,[M-2H2O+Na]+ [M+K]+ dm/z=51.9945
6660,9664,MS1 annotation,2.000,[M+NH4]+ [M+ACN+H]+ dm/z=23.9994
6663,7529,MS1 annotation,3.000,[M-2H2O+NH4]+ [M+H]+ dm/z=18.9947
6663,8528,MS1 annotation,3.000,[M-H2O+NH4]+ [M+H]+ dm/z=0.9840
6663,6996,MS1 annotation,2.000,[M+H]+ [M+HFA+NH4]+ dm/z=63.0321
6663,9824,MS1 annotation,2.000,[M+H]+ [M-H2O+NH4]+ dm/z=0.9840
6664,6955,MS1 annotation,2.000,[M+H]+ [M+HFA+NH4]+ dm/z=63.0320
6685,8302,MS1 annotation,5.000,[M-2H2O+H]+ [M+H]+ dm/z=36.0214
6685,8503,MS1 annotation,5.000,[M-H2O+H]+ [M+H]+ dm/z=18.0107
6685,9347,MS1 annotation,5.000,[M+NH4]+ [M+H]+ dm/z=17.0262
6688,6981,MS1 annotation,3.000,[M-H2O+H]+ [M+Na]+ dm/z=39.9931
6691,6734,MS1 annotation,2.000,[M+Na]+ [M+NH4]+ dm/z=4.9561
6692,6785,MS1 annotation,4.000,[M+HFA+H]+ [M+ACN+H]+ dm/z=4.9790
6692,8403,MS1 annotation,2.000,[M+H]+ [M+NH4]+ dm/z=17.0263
6699,7534,MS1 annotation,2.000,[M+H]+ [M-2H2O+NH4]+ dm/z=18.9947
6700,6799,MS1 annotation,5.000,[M-H2O+H]+ [M+H]+ dm/z=18.0108
6710,6880,MS1 annotation,2.000,[M+HFA+H]+ [M+NH4]+ dm/z=28.9791
6727,8521,MS1 annotation,2.000,[M+ACN+H]+ [M+NH4]+ dm/z=23.9993
6728,11950,MS1 annotation,3.000,[M+NH4]+ [M+ACN+H]+ dm/z=23.9998
6729,8528,MS1 annotation,2.000,[M+NH4]+ [M+ACN+H]+ dm/z=24.0000
6742,7699,MS1 annotation,2.000,[M+NH4]+ [M+H]+ dm/z=17.0260
6753,6993,MS1 annotation,5.000,[M+H]+ [M+NH4]+ dm/z=17.0265
6753,6870,MS1 annotation,5.000,[M+HFA+H]+ [M+NH4]+ dm/z=28.9788
6753,6785,MS1 annotation,4.000,[M+H]+ [M-H2O+NH4]+ dm/z=0.9840
6756,8503,MS1 annotation,2.000,[M+ACN+H]+ [M+NH4]+ dm/z=24.0000
6760,7599,MS1 annotation,2.000,[M+NH4]+ [M+ACN+H]+ dm/z=24.0000
6763,6839,MS1 annotation,2.000,[M-2H2O+NH4]+ [M+H]+ dm/z=18.9945
6780,10023,MS1 annotation,2.000,[M+NH4]+ [M+Na]+ dm/z=4.9557
6789,9690,MS1 annotation,3.000,[M-2H2O+Na]+ [M+K]+ dm/z=51.9943
6789,9412,MS1 annotation,3.000,[M+K]+ [M+K]+ dm/z=0.0000
6792,9342,MS1 annotation,3.000,[M+HFA+NH4]+ [M+H]+ dm/z=63.0321
6792,9702,MS1 annotation,3.000,[M+H]+ [M+H]+ dm/z=0.0000
6793,6795,MS1 annotation,4.000,[M+NH4]+ [M+NH4]+ dm/z=0.0001
6799,8560,MS1 annotation,4.000,[M+HFA+H]+ [M+H]+ dm/z=46.0058
6801,9719,MS1 annotation,5.000,[M+ACN+H]+ [M+NH4]+ dm/z=24.0001
6801,8788,MS1 annotation,5.000,[M+ACN+H]+ [M+NH4]+ dm/z=24.0000
6818,9241,MS1 annotation,2.000,[M+ACN+H]+ [M+NH4]+ dm/z=24.0001
6823,7074,MS1 annotation,3.000,[M-H2O+H]+ [M+H]+ dm/z=18.0104
6823,8600,MS1 annotation,3.000,[M+NH4]+ [M+H]+ dm/z=17.0268
6829,7367,MS1 annotation,2.000,[M-2H2O+NH4]+ [M+H]+ dm/z=18.9948
6839,6870,MS1 annotation,2.000,[M+H]+ [M-H2O+NH4]+ dm/z=0.9838
6844,8542,MS1 annotation,4.000,[M+H]+ [M-H2O+NH4]+ dm/z=0.9840
6870,6993,MS1 annotation,5.000,[M+H]+ [M+HFA+H]+ dm/z=46.0053
6880,7992,MS1 annotation,2.000,[M+NH4]+ [M+H]+ dm/z=17.0263
6881,9347,MS1 annotation,2.000,[M-H2O+NH4]+ [M+H]+ dm/z=0.9846
6886,6956,MS1 annotation,2.000,[M+NH4]+ [M+ACN+H]+ dm/z=24.0000
6889,7587,MS1 annotation,2.000,[M+K]+ [M-2H2O+Na]+ dm/z=51.9949
6911,7606,MS1 annotation,2.000,[M+ACN+H]+ [M+NH4]+ dm/z=23.9997
6919,9127,MS1 annotation,3.000,[M+NH4]+ [M+ACN+H]+ dm/z=24.0000
6919,6992,MS1 annotation,3.000,[M+ACN+H]+ [M+ACN+H]+ dm/z=0.0000
6924,10957,MS1 annotation,3.000,[M+NH4]+ [M+NH4]+ dm/z=0.0000
6924,7226,MS1 annotation,3.000,[M+ACN+H]+ [M+NH4]+ dm/z=23.9999
6925,7035,MS1 annotation,4.000,[M+H]+ [M+H]+ dm/z=0.0000
6925,9679,MS1 annotation,4.000,[M+HFA+NH4]+ [M+H]+ dm/z=63.0320
6925,11245,MS1 annotation,4.000,[M+NH4]+ [M+H]+ dm/z=17.0265
6943,7987,MS1 annotation,2.000,[M-2H2O+Na]+ [M+K]+ dm/z=51.9952
6955,9097,MS1 annotation,2.000,[M+ACN+Na]+ [M+K]+ dm/z=25.0528
6966,10544,MS1 annotation,3.000,[M+NH4]+ [M+ACN+H]+ dm/z=24.0002
6976,7578,MS1 annotation,4.000,[M+ACN+H]+ [M+HFA+H]+ dm/z=4.9795
6985,7674,MS1 annotation,2.000,[M+K]+ [M-2H2O+Na]+ dm/z=51.9951
6989,11474,MS1 annotation,2.000,[M+Na]+ [M+H]+ dm/z=21.9816
6992,9127,MS1 annotation,3.000,[M+NH4]+ [M+ACN+H]+ dm/z=24.0000
6992,8260,MS1 annotation,2.000,[M+NH4]+ [M+H]+ dm/z=17.0264
6995,7631,MS1 annotation,2.000,[M+ACN+H]+ [M+NH4]+ dm/z=24.0000
7010,7789,MS1 annotation,2.000,[M+ACN+H]+ [M+NH4]+ dm/z=23.9999
7012,8053,MS1 annotation,5.000,[M+HFA+NH4]+ [M+HFA+NH4]+ dm/z=0.0000
7012,11852,MS1 annotation,5.000,[M+HFA+NH4]+ [M+HFA+NH4]+ dm/z=0.0000
7012,7711,MS1 annotation,5.000,[M+H]+ [M+HFA+NH4]+ dm/z=63.0322
7012,7226,MS1 annotation,5.000,[M+H]+ [M+HFA+NH4]+ dm/z=63.0321
7016,10370,MS1 annotation,2.000,[M+Na]+ [M+H]+ dm/z=21.9819
7035,9679,MS1 annotation,4.000,[M+HFA+NH4]+ [M+H]+ dm/z=63.0319
7035,11245,MS1 annotation,4.000,[M+NH4]+ [M+H]+ dm/z=17.0265
7074,8600,MS1 annotation,3.000,[M+NH4]+ [M-H2O+H]+ dm/z=35.0373
7079,8255,MS1 annotation,3.000,[M+ACN+NH4]+ [M+H]+ dm/z=58.0532
7079,8319,MS1 annotation,3.000,[M+H]+ [M+H]+ dm/z=0.0000
7083,11591,MS1 annotation,2.000,[M+NH4]+ [M+H]+ dm/z=17.0269
7093,7639,MS1 annotation,2.000,[M+ACN+H]+ [M+NH4]+ dm/z=24.0000
7110,7721,MS1 annotation,2.000,[M-2H2O+Na]+ [M+K]+ dm/z=51.9950
7136,7265,MS1 annotation,2.000,[M+ACN+H]+ [M+NH4]+ dm/z=24.0001
7162,7670,MS1 annotation,2.000,[M+NH4]+ [M+ACN+H]+ dm/z=24.0001
7186,7729,MS1 annotation,2.000,[M+K]+ [M-2H2O+Na]+ dm/z=51.9948
7224,7738,MS1 annotation,7.000,[M+NH4]+ [M+NH4]+ dm/z=0.0000
7224,11254,MS1 annotation,7.000,[M+NH4]+ [M+NH4]+ dm/z=0.0000
7224,7711,MS1 annotation,7.000,[M-H2O+H]+ [M+NH4]+ dm/z=35.0372
7224,7226,MS1 annotation,7.000,[M-H2O+H]+ [M+NH4]+ dm/z=35.0372
7224,7271,MS1 annotation,7.000,[M-H2O+H]+ [M+NH4]+ dm/z=35.0372
7224,7783,MS1 annotation,7.000,[M+NH4]+ [M+NH4]+ dm/z=0.0000
7226,7738,MS1 annotation,7.000,[M+NH4]+ [M-H2O+H]+ dm/z=35.0372
7226,11254,MS1 annotation,7.000,[M+NH4]+ [M-H2O+H]+ dm/z=35.0372
7226,7711,MS1 annotation,7.000,[M-H2O+H]+ [M-H2O+H]+ dm/z=0.0000
7226,7271,MS1 annotation,7.000,[M-H2O+H]+ [M-H2O+H]+ dm/z=0.0000
7226,7783,MS1 annotation,7.000,[M+NH4]+ [M-H2O+H]+ dm/z=35.0372
7226,8053,MS1 annotation,5.000,[M+HFA+NH4]+ [M+H]+ dm/z=63.0321
7226,11852,MS1 annotation,5.000,[M+HFA+NH4]+ [M+H]+ dm/z=63.0322
7226,7711,MS1 annotation,5.000,[M+H]+ [M+H]+ dm/z=0.0000
7226,10957,MS1 annotation,3.000,[M+NH4]+ [M+ACN+H]+ dm/z=23.9999
7267,9148,MS1 annotation,2.000,[M+K]+ [M-2H2O+Na]+ dm/z=51.9949
7271,7738,MS1 annotation,7.000,[M+NH4]+ [M-H2O+H]+ dm/z=35.0372
7271,11254,MS1 annotation,7.000,[M+NH4]+ [M-H2O+H]+ dm/z=35.0371
7271,7711,MS1 annotation,7.000,[M-H2O+H]+ [M-H2O+H]+ dm/z=0.0000
7271,7783,MS1 annotation,7.000,[M+NH4]+ [M-H2O+H]+ dm/z=35.0371
7304,7412,MS1 annotation,3.000,[M+HFA+NH4]+ [M+H]+ dm/z=63.0320
7315,7707,MS1 annotation,2.000,[M+H]+ [M-2H2O+NH4]+ dm/z=18.9948
7346,7373,MS1 annotation,3.000,[M-H2O+H]+ [M+NH4]+ dm/z=35.0370
7346,7457,MS1 annotation,3.000,[M+NH4]+ [M+NH4]+ dm/z=0.0000
7373,7457,MS1 annotation,3.000,[M+NH4]+ [M-H2O+H]+ dm/z=35.0370
7403,7710,MS1 annotation,2.000,[M+NH4]+ [M+ACN+H]+ dm/z=24.0001
7403,9202,MS1 annotation,2.000,[M+NH4]+ [M-H2O+H]+ dm/z=35.0370
7487,8484,MS1 annotation,2.000,[M+Na]+ [M+H]+ dm/z=21.9816
7495,7515,MS1 annotation,2.000,[M+Na]+ [M+NH4]+ dm/z=4.9551
7503,9669,MS1 annotation,3.000,[M+ACN+H]+ [M+NH4]+ dm/z=23.9993
7518,8496,MS1 annotation,4.000,[M-2H2O+Na]+ [M+K]+ dm/z=51.9945
7529,8528,MS1 annotation,3.000,[M-H2O+NH4]+ [M-2H2O+NH4]+ dm/z=18.0107
7530,8844,MS1 annotation,3.000,[M-2H2O+H]+ [M+NH4]+ dm/z=53.0477
7530,9333,MS1 annotation,3.000,[M+ACN+H]+ [M+NH4]+ dm/z=24.0000
7531,9007,MS1 annotation,2.000,[M+NH4]+ [M+ACN+H]+ dm/z=23.9995
7533,9446,MS1 annotation,2.000,[M+ACN+H]+ [M+NH4]+ dm/z=23.9996
7534,8844,MS1 annotation,2.000,[M-H2O+H]+ [M+NH4]+ dm/z=35.0372
7538,10496,MS1 annotation,2.000,[M+Na]+ [M-H2O+H]+ dm/z=39.9944
7547,7944,MS1 annotation,2.000,[M+NH4]+ [M+ACN+H]+ dm/z=23.9993
7549,9532,MS1 annotation,2.000,[M+NH4]+ [M-2H2O+H]+ dm/z=53.0475
7555,10125,MS1 annotation,2.000,[M+NH4]+ [M+ACN+H]+ dm/z=24.0000
7591,9793,MS1 annotation,2.000,[M-H2O+H]+ [M+Na]+ dm/z=39.9944
7599,8027,MS1 annotation,3.000,[M+H]+ [M-H2O+NH4]+ dm/z=0.9841
7599,7972,MS1 annotation,3.000,[M-2H2O+NH4]+ [M-H2O+NH4]+ dm/z=18.0106
7619,8281,MS1 annotation,3.000,[M+K]+ [M+K]+ dm/z=0.0000
7619,8281,MS1 annotation,3.000,[M+ACN+H]+ [M+ACN+H]+ dm/z=0.0000
7642,7973,MS1 annotation,2.000,[M+K]+ [M-2H2O+Na]+ dm/z=51.9948
7652,7738,MS1 annotation,4.000,[M+HFA+NH4]+ [M+H]+ dm/z=63.0322
7652,11254,MS1 annotation,4.000,[M+HFA+NH4]+ [M+H]+ dm/z=63.0321
7652,7783,MS1 annotation,4.000,[M+HFA+NH4]+ [M+H]+ dm/z=63.0321
7674,7741,MS1 annotation,2.000,[M+NH4]+ [M+H]+ dm/z=17.0263
7711,7738,MS1 annotation,7.000,[M+NH4]+ [M-H2O+H]+ dm/z=35.0372
7711,11254,MS1 annotation,7.000,[M+NH4]+ [M-H2O+H]+ dm/z=35.0372
7711,7783,MS1 annotation,7.000,[M+NH4]+ [M-H2O+H]+ dm/z=35.0372
7711,8053,MS1 annotation,5.000,[M+HFA+NH4]+ [M+H]+ dm/z=63.0322
7711,11852,MS1 annotation,5.000,[M+HFA+NH4]+ [M+H]+ dm/z=63.0322
7738,11254,MS1 annotation,7.000,[M+NH4]+ [M+NH4]+ dm/z=0.0000
7738,7783,MS1 annotation,7.000,[M+NH4]+ [M+NH4]+ dm/z=0.0000
7738,11254,MS1 annotation,4.000,[M+HFA+NH4]+ [M+HFA+NH4]+ dm/z=0.0000
7738,7783,MS1 annotation,4.000,[M+HFA+NH4]+ [M+HFA+NH4]+ dm/z=0.0000
7750,8401,MS1 annotation,2.000,[M+NH4]+ [M+ACN+H]+ dm/z=24.0000
7765,10283,MS1 annotation,6.000,[M+ACN+H]+ [M+ACN+H]+ dm/z=0.0000
7765,10535,MS1 annotation,6.000,[M+NH4]+ [M+ACN+H]+ dm/z=24.0000
7783,11254,MS1 annotation,7.000,[M+NH4]+ [M+NH4]+ dm/z=0.0000
7783,11254,MS1 annotation,4.000,[M+HFA+NH4]+ [M+HFA+NH4]+ dm/z=0.0000
7794,10953,MS1 annotation,2.000,[M+NH4]+ [M+ACN+H]+ dm/z=24.0001
7797,11596,MS1 annotation,3.000,[M+K]+ [M-H2O+Na]+ dm/z=33.9841
7798,8665,MS1 annotation,5.000,[M+ACN+H]+ [M+NH4]+ dm/z=23.9999
7798,8421,MS1 annotation,5.000,[M+NH4]+ [M+NH4]+ dm/z=0.0000
7859,9008,MS1 annotation,3.000,[M+K]+ [M-H2O+Na]+ dm/z=33.9843
7896,10435,MS1 annotation,2.000,[M+ACN+H]+ [M+NH4]+ dm/z=24.0000
7903,8899,MS1 annotation,3.000,[M-H2O+H]+ [M+H]+ dm/z=18.0106
7921,9306,MS1 annotation,3.000,[M+ACN+H]+ [M+ACN+H]+ dm/z=0.0000
7932,8492,MS1 annotation,3.000,[M+H]+ [M+NH4]+ dm/z=17.0263
7952,9723,MS1 annotation,3.000,[M-2H2O+H]+ [M+H]+ dm/z=36.0216
7952,8712,MS1 annotation,3.000,[M+NH4]+ [M+H]+ dm/z=17.0262
7966,10259,MS1 annotation,2.000,[M+NH4]+ [M+ACN+H]+ dm/z=24.0000
7972,8027,MS1 annotation,3.000,[M+H]+ [M-2H2O+NH4]+ dm/z=18.9947
7979,9129,MS1 annotation,2.000,[M+NH4]+ [M+ACN+H]+ dm/z=24.0003
7991,10089,MS1 annotation,5.000,[M-H2O+H]+ [M+NH4]+ dm/z=35.0371
8053,11852,MS1 annotation,5.000,[M+HFA+NH4]+ [M+HFA+NH4]+ dm/z=0.0000
8092,8783,MS1 annotation,3.000,[M-2H2O+Na]+ [M+K]+ dm/z=51.9946
8224,10454,MS1 annotation,4.000,[M+HFA+NH4]+ [M+NH4]+ dm/z=46.0057
8227,11086,MS1 annotation,3.000,[M+NH4]+ [M+ACN+H]+ dm/z=23.9994
8242,10729,MS1 annotation,4.000,[M+ACN+H]+ [M-H2O+H]+ dm/z=59.0361
8242,10463,MS1 annotation,4.000,[M+NH4]+ [M-H2O+H]+ dm/z=35.0368
8242,9337,MS1 annotation,4.000,[M+H]+ [M-H2O+H]+ dm/z=18.0107
8244,11346,MS1 annotation,2.000,[M+NH4]+ [M+ACN+H]+ dm/z=23.9994
8245,8305,MS1 annotation,2.000,[M-H2O+H]+ [M+NH4]+ dm/z=35.0362
8255,8319,MS1 annotation,3.000,[M+H]+ [M+ACN+NH4]+ dm/z=58.0532
8255,8260,MS1 annotation,2.000,[M+H]+ [M-H2O+NH4]+ dm/z=0.9840
8263,8271,MS1 annotation,2.000,[M+NH4]+ [M+ACN+H]+ dm/z=23.9998
8302,8503,MS1 annotation,5.000,[M-H2O+H]+ [M-2H2O+H]+ dm/z=18.0108
8302,9347,MS1 annotation,5.000,[M+NH4]+ [M-2H2O+H]+ dm/z=53.0477
8392,8423,MS1 annotation,2.000,[M+ACN+H]+ [M+NH4]+ dm/z=23.9998
8413,11582,MS1 annotation,2.000,[M+ACN+H]+ [M+NH4]+ dm/z=24.0000
8421,8665,MS1 annotation,5.000,[M+ACN+H]+ [M+NH4]+ dm/z=24.0000
8421,9538,MS1 annotation,2.000,[M+K]+ [M-H2O+Na]+ dm/z=33.9842
8447,9205,MS1 annotation,2.000,[M+NH4]+ [M+H]+ dm/z=17.0268
8469,8472,MS1 annotation,2.000,[M+ACN+H]+ [M+NH4]+ dm/z=24.0001
8480,10242,MS1 annotation,2.000,[M+NH4]+ [M+H]+ dm/z=17.0265
8493,9690,MS1 annotation,3.000,[M+NH4]+ [M+ACN+H]+ dm/z=23.9995
8503,9347,MS1 annotation,5.000,[M+NH4]+ [M-H2O+H]+ dm/z=35.0369
8603,11223,MS1 annotation,2.000,[M+ACN+H]+ [M+NH4]+ dm/z=24.0001
8683,10061,MS1 annotation,3.000,[M+NH4]+ [M-2H2O+H]+ dm/z=53.0478
8707,8794,MS1 annotation,2.000,[M+H]+ [M+HFA+NH4]+ dm/z=63.0325
8712,9723,MS1 annotation,3.000,[M-2H2O+H]+ [M+NH4]+ dm/z=53.0478
8719,11141,MS1 annotation,2.000,[M+NH4]+ [M+H]+ dm/z=17.0265
8723,8871,MS1 annotation,2.000,[M-H2O+H]+ [M+NH4]+ dm/z=35.0373
8739,10121,MS1 annotation,4.000,[M-H2O+H]+ [M+H]+ dm/z=18.0106
8743,9446,MS1 annotation,2.000,[M+K]+ [M-2H2O+Na]+ dm/z=51.9943
8782,10362,MS1 annotation,2.000,[M+NH4]+ [M-2H2O+H]+ dm/z=53.0475
8788,9719,MS1 annotation,5.000,[M+ACN+H]+ [M+ACN+H]+ dm/z=0.0001
8818,9106,MS1 annotation,2.000,[M-H2O+NH4]+ [M+H]+ dm/z=0.9841
8823,10119,MS1 annotation,3.000,[M+Na]+ [M-H2O+H]+ dm/z=39.9929
8844,9333,MS1 annotation,3.000,[M+ACN+H]+ [M-2H2O+H]+ dm/z=77.0477
8981,9035,MS1 annotation,2.000,[M+Na]+ [M+NH4]+ dm/z=4.9556
8984,8985,MS1 annotation,2.000,[M+Na]+ [M+H]+ dm/z=21.9819
8994,9821,MS1 annotation,2.000,[M+NH4]+ [M+ACN+H]+ dm/z=24.0003
9064,9096,MS1 annotation,2.000,[M+ACN+H]+ [M+NH4]+ dm/z=24.0000
9082,9091,MS1 annotation,5.000,[M+K]+ [M-H2O+H]+ dm/z=55.9671
9082,11765,MS1 annotation,5.000,[M-2H2O+H]+ [M-H2O+H]+ dm/z=18.0106
9091,11765,MS1 annotation,5.000,[M-2H2O+H]+ [M+K]+ dm/z=73.9777
9109,11758,MS1 annotation,2.000,[M+NH4]+ [M-2H2O+H]+ dm/z=53.0474
9131,10810,MS1 annotation,2.000,[M+H]+ [M+NH4]+ dm/z=17.0260
9133,9734,MS1 annotation,2.000,[M-H2O+Na]+ [M+K]+ dm/z=33.9841
9194,9551,MS1 annotation,4.000,[M+H]+ [M+Na]+ dm/z=21.9832
9214,10808,MS1 annotation,2.000,[M+NH4]+ [M+ACN+H]+ dm/z=24.0000
9302,9906,MS1 annotation,2.000,[M+H]+ [M+HFA+NH4]+ dm/z=63.0322
9321,9821,MS1 annotation,2.000,[M-H2O+Na]+ [M+K]+ dm/z=33.9842
9322,10069,MS1 annotation,2.000,[M+ACN+H]+ [M+NH4]+ dm/z=23.9992
9337,10729,MS1 annotation,4.000,[M+ACN+H]+ [M+H]+ dm/z=41.0255
9337,10463,MS1 annotation,4.000,[M+NH4]+ [M+H]+ dm/z=17.0261
9342,9702,MS1 annotation,3.000,[M+H]+ [M+HFA+NH4]+ dm/z=63.0321
9384,9406,MS1 annotation,5.000,[M+HFA+H]+ [M+NH4]+ dm/z=28.9796
9412,9690,MS1 annotation,3.000,[M-2H2O+Na]+ [M+K]+ dm/z=51.9943
9667,9903,MS1 annotation,2.000,[M+ACN+H]+ [M+NH4]+ dm/z=23.9993
9679,11245,MS1 annotation,4.000,[M+NH4]+ [M+HFA+NH4]+ dm/z=46.0055
9723,9825,MS1 annotation,3.000,[M+ACN+H]+ [M+ACN+H]+ dm/z=0.0001
9725,11350,MS1 annotation,2.000,[M+NH4]+ [M+ACN+H]+ dm/z=23.9992
9814,10573,MS1 annotation,3.000,[M-H2O+Na]+ [M-H2O+Na]+ dm/z=0.0000
9844,11613,MS1 annotation,2.000,[M-2H2O+Na]+ [M+K]+ dm/z=51.9951
9872,10759,MS1 annotation,2.000,[M+H]+ [M+NH4]+ dm/z=17.0265
9898,10911,MS1 annotation,2.000,[M+NH4]+ [M+ACN+H]+ dm/z=23.9995
9929,10536,MS1 annotation,4.000,[M+Na]+ [M-H2O+Na]+ dm/z=18.0102
9955,11343,MS1 annotation,2.000,[M+Na]+ [M+HFA+K]+ dm/z=61.9794
9998,10308,MS1 annotation,2.000,[M+NH4]+ [M+H]+ dm/z=17.0265
10006,10014,MS1 annotation,2.000,[M+H]+ [M+NH4]+ dm/z=17.0261
10025,11136,MS1 annotation,2.000,[M+H]+ [M+NH4]+ dm/z=17.0260
10036,10633,MS1 annotation,2.000,[M+NH4]+ [M+H]+ dm/z=17.0266
10259,10876,MS1 annotation,3.000,[M-2H2O+NH4]+ [M-H2O+NH4]+ dm/z=18.0106
10283,10535,MS1 annotation,6.000,[M+NH4]+ [M+ACN+H]+ dm/z=24.0000
10463,10729,MS1 annotation,4.000,[M+ACN+H]+ [M+NH4]+ dm/z=23.9994
10510,11137,MS1 annotation,2.000,[M+NH4]+ [M-H2O+H]+ dm/z=35.0365
10607,11672,MS1 annotation,2.000,[M-2H2O+Na]+ [M+K]+ dm/z=51.9946
10717,10967,MS1 annotation,2.000,[M+NH4]+ [M+Na]+ dm/z=4.9552
10851,11092,MS1 annotation,2.000,[M+ACN+H]+ [M+NH4]+ dm/z=23.9993
11214,11266,MS1 annotation,2.000,[M+ACN+H]+ [M+NH4]+ dm/z=23.9995
11237,11418,MS1 annotation,2.000,[M+ACN+H]+ [M+NH4]+ dm/z=23.9994
11600,11610,MS1 annotation,2.000,[M+H]+ [M+NH4]+ dm/z=17.0272
11600,11619,MS1 annotation,2.000,[M+NH4]+ [M+H]+ dm/z=17.0258
